year,ranking,gross_Mil,name,avg_tick_price,avg_tick,total_tick,avg_gross,cities,shows,agency
2020,1,$71.20 ,Celine Dion,174.36,12376,408407,2157894,27,33,CDA Productions
2020,2,$58.20 ,Trans-Siberian Orchestra,65.76,9733,885740,640094,56,91,WME
2020,3,$40.30 ,Post Malone,134.26,13042,299969,1751069,23,23,United Talent Agency
2020,4,$33.60 ,Eagles,258.83,12963,129632,3355265,4,10,Creative Artists Agency
2020,5,$26.30 ,Dead & Company,427.9,7692,61537,3291458,3,8,WME
2020,6,$25.50 ,Andrea Bocelli,185.64,12510,137614,2322429,10,11,Klassics Music Management Limited
2020,7,$24.30 ,George Strait,170.55,15822,142397,2698419,5,9,The Erv Woolsey Agency
2020,8,$24.10 ,Aventura,136.72,12593,176301,1721690,6,14,Global Talent Booking
2020,9,$22.50 ,Cher,124.85,11240,179838,1403270,14,16,Marshall Arts
2020,10,$21.30 ,Jonas Brothers,103.75,13718,205774,1423277,14,15,United Talent Agency
2020,11,$21.20 ,Ariana Grande,154.5,11434,137204,1766522,10,12,Creative Artists Agency
2020,12,$16.10 ,Tool,112.57,11958,143499,1346188,12,12,WME
2020,13,$15.20 ,The Lumineers,57.49,10992,263812,631980,20,24,Paradigm Talent Agency
2020,14,$14.80 ,Billy Joel,118.45,20865,125190,2471504,6,6,Artist Group International
2020,15,$14.20 ,Phish,86.33,14963,164592,1291713,5,11,Paradigm Talent Agency
2020,16,$14.10 ,Aerosmith,213,4728,66188,1006999,3,14,Creative Artists Agency
2020,17,$13.50 ,Marc Anthony,112.46,9987,119848,1123178,11,12,Cardenas Marketing Network
2020,18,$10.90 ,Jeff Dunham,51.67,6035,211208,311816,34,35,Creative Artists Agency
2020,19,$10.80 ,Blake Shelton,80.11,11262,135144,902218,12,12,Paradigm Talent Agency
2020,20,$10.80 ,Daddy Yankee,71.72,13717,150888,983834,2,11,Cardenas Marketing Network
2020,21,$10.50 ,KISS,101.63,7405,103667,752517,14,14,Creative Artists Agency
2020,22,$10.30 ,Bad Bunny,94.62,13641,109124,1290628,8,8,United Talent Agency
2020,23,$10.20 ,Miranda Lambert,73.88,8092,137567,597823,17,17,WME
2020,24,$9.72 ,Jerry Seinfeld,114.89,2728,84562,313401,17,31,ICM Partners
2020,25,$9.42 ,Mariah Carey,132.05,3965,71363,523534,9,18,Creative Artists Agency
2020,26,$8.95 ,Mannheim Steamroller,63.14,2053,141686,129650,60,69,WME
2020,27,$7.87 ,Jo Koy,58.01,4240,135667,245955,22,32,Creative Artists Agency
2020,28,$6.59 ,Garth Brooks,94.1,70000,70000,6586650,1,1,WME
2020,29,$6.59 ,Maroon 5,75,21955,87820,1646608,2,4,International Talent Booking
2020,30,$6.36 ,Banda Sinaloense MS de Sergio Lizarraga,85.42,10644,74507,909159,5,7,Banda MS
2020,31,$6.25 ,Madonna,250.45,2494,24943,624692,2,10,Live Nation Global Touring
2020,32,$6.25 ,Luke Combs,43.92,12928,142210,567774,10,11,Creative Artists Agency
2020,33,$6.18 ,Jim Gaffigan,52.22,4082,118373,213141,21,29,United Talent Agency
2020,34,$6.01 ,Pentatonix,75.81,4958,79334,375902,11,16,Creative Artists Agency
2020,35,$5.75 ,Gabriel Iglesias,58.58,4677,98207,273945,14,21,Creative Artists Agency
2020,36,$5.70 ,Backstreet Boys,70.81,13438,80626,951504,3,6,WME
2020,37,$5.52 ,Bert Kreischer,58.42,1390,94513,81196,41,68,United Talent Agency
2020,38,$5.51 ,Lady Gaga,337.43,5447,16340,1837884,1,3,Creative Artists Agency
2020,39,$5.36 ,“Hits Deep Tour” / TobyMac,36.15,6443,148187,232915,22,23,Creative Artists Agency
2020,40,$5.24 ,“Drive-In Theater Tour Series”,32.38,1191,161924,38549,136,136,Awakening Events
2020,41,$4.94 ,Alejandro Fernández,56.15,9781,88026,549195,5,9,Star Productions S.C.
2020,42,$4.93 ,Sebastian Maniscalco,75.37,2336,65413,176066,11,28,United Talent Agency
2020,43,$4.85 ,Five Finger Death Punch,64.99,5740,74615,373002,13,13,Artist Group International
2020,44,$4.82 ,“Winter Jam” / Crowder,21.69,7165,222108,155411,31,31,Premier Productions
2020,45,$4.64 ,Illenium,50.5,5746,91941,290179,14,16,United Talent Agency
2020,46,$4.34 ,Deadmau5,51.2,4239,84780,217052,12,20,United Talent Agency
2020,47,$4.28 ,Ricky Martin,91.9,6660,46623,612116,5,7,Creative Artists Agency
2020,48,$4.27 ,Korn / Breaking Benjamin,59.02,6582,72400,388454,11,11,Creative Artists Agency
2020,49,$4.23 ,Van Morrison,217.88,3882,19409,845779,2,5,Paradigm Talent Agency
2020,50,$4.18 ,Willie Nelson,76.81,2475,54454,190127,19,22,Creative Artists Agency
2020,51,$4.16 ,Christina Aguilera,102.39,3697,40667,378539,7,11,Creative Artists Agency
2020,52,$4.08 ,Shania Twain,128.99,3950,31599,509500,4,8,Creative Artists Agency
2020,53,$3.98 ,Jason Aldean,93.4,7103,42618,663438,4,6,WME
2020,54,$3.97 ,Brantley Gilbert,49.11,4755,80828,233493,17,17,Creative Artists Agency
2020,55,$3.84 ,Shawn Mendes,78.42,12250,48998,960588,3,4,Paradigm Talent Agency
2020,56,$3.83 ,Rex Orange County,39.15,3261,97817,127664,24,30,WME
2020,57,$3.76 ,Maná,94.38,13294,39881,1254599,3,3,Angelo Medina Group
2020,58,$3.59 ,Shin Lim,76.69,1266,46840,97083,17,37,Celebrity Talent International
2020,59,$3.54 ,Zac Brown Band,67.09,8802,52813,590533,6,6,WME
2020,60,$3.38 ,Bob Dylan,108.82,2827,31099,307646,3,11,Creative Artists Agency
2020,61,$3.38 ,Café Tacvba,38.45,17599,87997,676704,5,5,WME
2020,62,$3.37 ,MercyMe,45.15,5331,74636,240713,14,14,WME
2020,63,$3.27 ,“90’s Pop Tour” / OV7,43.05,15205,76026,654582,4,5,BOBO
2020,64,$3.18 ,Straight No Chaser,52.39,2245,60611,117602,21,27,ICM Partners
2020,65,$3.16 ,Little Big Town,75.98,2599,41584,197470,10,16,Creative Artists Agency
2020,66,$3.15 ,Jill Scott,92.21,2848,34173,262580,12,12,CLG - Cara Lewis Group
2020,67,$3.05 ,Trevor Noah,61.95,7038,49268,436002,7,7,Creative Artists Agency
2020,68,$2.94 ,Rod Stewart,149.81,3273,19638,490332,3,6,Artist Group International
2020,69,$2.83 ,The Chainsmokers,61.12,9250,46251,565418,5,5,Creative Artists Agency
2020,70,$2.82 ,Slayer,85.32,11043,33128,942182,2,5,Pinnacle Entertainment
2020,71,$2.81 ,Tedeschi Trucks Band,82.24,2441,34175,200748,5,3,Entourage Talent Assoc.
2020,72,$2.76 ,The Black Keys,84.94,10826,32478,919595,3,14,ICM Partners
2020,73,$2.73 ,Omarion,88.65,5141,30843,455681,6,3,Omarion Worldwide
2020,74,$2.72 ,Ron White,61.24,1852,44449,113418,21,6,Creative Artists Agency
2020,75,$2.70 ,The Piano Guys,66.37,2551,40808,169269,14,24,ICM Partners
2020,76,$2.64 ,Seventeen,112.35,5885,23540,661195,4,16,PLEDIS Entertainment
2020,77,$2.61 ,Tyler Childers,45.39,2876,57526,130559,13,4,Paradigm Talent Agency
2020,78,$2.56 ,Widespread Panic,93.87,3407,27259,319846,3,20,Progressive Global Agency
2020,79,$2.55 ,The Tenderloins,68.91,6170,37021,425216,4,8,United Talent Agency
2020,80,$2.54 ,“Lit AF Tour” / Martin Lawrence,70.84,8981,35924,636214,4,6,ICM Partners
2020,81,$2.53 ,Journey,161.76,3904,15616,631518,1,44,Creative Artists Agency
2020,82,$2.53 ,Tame Impala,69.58,12097,36290,841673,2,3,Creative Artists Agency
2020,83,$2.52 ,Dermot Kennedy,35.82,2605,70325,93307,26,27,Creative Artists Agency
2020,84,$2.44 ,Charlie Wilson,83.61,2086,29204,174409,12,14,ICM Partners
2020,85,$2.34 ,Keith Urban,161,3635,14540,585219,2,4,Creative Artists Agency
2020,86,$2.27 ,Chris Tucker,59.75,2239,38066,133801,17,17,United Talent Agency
2020,87,$2.26 ,Mike Epps,81.53,3966,27765,323374,6,7,Creative Artists Agency
2020,88,$2.23 ,Soda Stereo,42.13,26514,53028,1117151,2,2,Sony Music
2020,89,$2.22 ,Il Volo,82.66,3353,26827,277199,8,8,Creative Artists Agency
2020,90,$2.17 ,Casting Crowns,42.97,7198,50386,309291,7,7,Jeff Roberts & Associates
2020,91,$2.15 ,Nate Bargatze,49.83,1169,43241,58231,32,37,United Talent Agency
2020,92,$2.14 ,Eric Church,82.5,12958,25915,1069003,1,2,WME
2020,93,$2.08 ,Ana Gabriel,93.7,5558,22232,520769,4,4,Cardenas Marketing Network
2020,94,$2.03 ,For King & Country,40.6,1852,50017,75215,27,27,Jeff Roberts & Associates
2020,95,$1.99 ,Tony Bennett,98.94,1825,20074,180561,11,11,Creative Artists Agency
2020,96,$1.98 ,The Strokes,126.7,15619,15619,1978866,1,1,Artist Group International
2020,97,$1.96 ,Eros Ramazzotti,73.61,4449,26694,327484,6,6,Paramount Entertainment
2020,98,$1.95 ,Maluma,61.62,5279,31672,325262,5,6,C2C / WK Entertainment
2020,99,$1.92 ,SuperM,66.34,9670,29009,641528,3,3,MN2S
2020,100,$1.88 ,Anuel AA,76.18,8237,24712,627511,3,3,MN2S
2020,101,$1.88 ,Billy Strings,27.08,1654,69452,44783,29,42,Crossover Touring
2020,102,$1.86 ,Excision,52.3,8888,35552,464871,3,4,United Talent Agency
2020,103,$1.85 ,Michael W. Smith / Amy Grant,50.15,5257,36798,263655,7,7,Creative Artists Agency
2020,104,$1.78 ,Los Angeles Azules,59.44,4992,29951,296730,5,6,M&M Group
2020,105,$1.77 ,Zeds Dead,62.06,2864,28636,177720,7,10,Paradigm Talent Agency
2020,106,$1.76 ,Gwen Stefani,113.06,3874,15495,437970,2,4,WME
2020,107,$1.71 ,The Avett Brothers,63.62,5376,26882,342073,4,5,New Frontier Touring
2020,108,$1.60 ,Cody Johnson,39.72,5763,40341,228929,7,7,Red 11 Music
2020,109,$1.57 ,Dan + Shay,61.35,12779,25558,784021,1,2,Creative Artists Agency
2020,110,$1.56 ,The Offspring / Sum 41,59.72,3731,26119,222814,7,7,X-ray Touring / Sound Talent Group
2020,111,$1.51 ,Lindsey Stirling,72.08,2333,20999,168176,9,9,WME
2020,112,$1.48 ,Brandi Carlile,60.89,2696,24265,164166,4,9,Paradigm Talent Agency
2020,113,$1.48 ,Fantasia,75.77,3249,19491,246135,6,6,ICM Partners
2020,114,$1.48 ,Jeezy,93.12,7926,15851,738052,2,2,United Talent Agency
2020,115,$1.47 ,Hombres G,29.41,8348,50087,245532,6,6,Warner Music Latina
2020,116,$1.46 ,Rodney Carrington,49.08,1650,29706,80998,16,18,APA
2020,117,$1.45 ,Stray Kids,136.03,3559,10676,484090,3,3,MN2S
2020,118,$1.44 ,Nick Cannon Presents “Wild ‘N Out Live”,61.5,11719,23437,720717,2,2,Creative Artists Agency
2020,119,$1.44 ,“Comedy Laugh Fest” / D.L. Hughley,69.49,6905,20714,479792,3,3,United Talent Agency
2020,120,$1.43 ,Alan Jackson,69.5,10315,20629,716829,2,2,WME
2020,121,$1.43 ,Cody Jinks,51.54,2775,27754,143035,9,10,True Grit Talent Agency
2020,122,$1.36 ,Pitbull,65.05,6991,20973,454737,3,3,United Talent Agency
2020,123,$1.36 ,Tommy Torres,58.14,11710,23419,680810,1,2,Angelo Medina Group
2020,124,$1.35 ,Chris Tomlin,57.05,1973,23677,112556,12,12,Creative Artists Agency
2020,125,$1.35 ,Motion City Soundtrack,34.54,1562,39043,53944,23,25,WME
2020,126,$1.34 ,Los Temerarios,79.9,5606,16818,447914,3,3,Fonovisa Records
2020,127,$1.34 ,John Fogerty,105.73,2538,12692,268393,5,5,Creative Artists Agency
2020,128,$1.32 ,Koe Wetzel,24.15,1825,54736,44071,30,30,Red 11 Music
2020,129,$1.31 ,Emmanuel & Mijares,62.92,6956,20868,437645,3,3,
2020,130,$1.31 ,Gloria Trevi,49.52,8797,26392,435616,3,3,The Sixth House
2020,131,$1.30 ,Wilco,69.32,2686,18800,186181,4,7,High Road Touring
2020,132,$1.28 ,Josh Groban,127.37,3348,10043,426399,3,3,WME
2020,133,$1.27 ,Angela Aguilar,43.19,386,29386,141026,9,9,M&M Group
2020,134,$1.27 ,Kane Brown,54.91,11521,23041,632574,2,2,WME
2020,135,$1.24 ,Aaron Kwok,183.94,6752,6752,1241986,1,1,Music Nation Group
2020,136,$1.21 ,Get The Led Out,37.11,1211,32696,44934,21,27,SRO Artists
2020,137,$1.20 ,Intocable,31.79,6308,37846,200522,5,6,Endzone Management
2020,138,$1.18 ,Jonathan Lee,140.62,4208,8416,591709,1,2,B’in Music
2020,139,$1.18 ,Los Tigres Del Norte,39.89,9838,29515,392426,2,3,AKA Productions
2020,140,$1.16 ,Daryl Hall & John Oates,89.43,12998,12998,1162405,1,1,Artist Group International
2020,141,$1.15 ,Grace Potter,44.66,1229,25801,54872,19,21,Partisan Arts
2020,142,$1.15 ,The Marcus King Band,28.55,1087,40201,31017,36,37,WME
2020,143,$1.13 ,Caifanes,44.81,6295,25180,282075,4,4,WME
2020,144,$1.12 ,CoCo Lee,210.23,5342,5342,1123036,1,1,Universal Music Group
2020,145,$1.11 ,City and Colour,51.46,5411,21642,278401,4,4,Paradigm Talent Agency
2020,146,$1.11 ,Alexisonfire,51.05,4347,21735,221894,5,5,Paradigm Talent Agency
2020,147,$1.08 ,Gladys Knight,71.22,1684,15152,119898,9,9,Creative Artists Agency
2020,148,$1.08 ,Steve Martin / Martin Short,132.14,2713,8140,358545,2,3,WME
2020,149,$1.07 ,Lauren Daigle,58.64,9141,18282,536004,3,2,WME
2020,150,$1.05 ,Armin Van Buuren,58.93,4433,17733,261252,3,4,David Lewis Productions
2020,151,$1.02 ,The Beach Boys,77.32,1882,13173,145498,6,7,WME
2020,152,$1.00 ,Old Dominion,51.82,4840,19358,250764,4,4,Paradigm Talent Agency
2020,153,$0.98 ,Sturgill Simpson,75.76,12896,12896,977018,1,1,Paradigm Talent Agency
2020,154,$0.98 ,Criss Angel,70.74,1726,13808,122089,8,8,APA
2020,155,$0.97 ,Motionless In White / Beartooth,27.98,1653,34705,46241,21,21,Sound Talent Group
2020,156,$0.95 ,Brett Eldredge,60.41,3150,15752,190314,3,5,Creative Artists Agency
2020,157,$0.94 ,Brockhampton,58.94,3994,15974,235381,3,4,WME
2020,158,$0.94 ,Patti LaBelle,92.51,2542,10168,235170,4,4,WME
2020,159,$0.93 ,Aaron Lewis,51.35,1294,18114,66445,12,14,Creative Artists Agency
2020,160,$0.93 ,Tiffany Haddish,83.91,2212,11058,185572,5,5,United Talent Agency
2020,161,$0.93 ,Raphael,54.65,4239,16955,231640,4,4,JEP Entertainment Group
2020,162,$0.91 ,The Allman Betts Band,49.49,972,18469,48109,18,19,Northstar Artists
2020,163,$0.90 ,Galantis,53.7,4196,16782,225307,3,4,WME
2020,164,$0.89 ,Frankie Valli And The Four Seasons,81.28,2180,10901,177199,3,5,APA
2020,165,$0.88 ,Greensky Bluegrass,36.21,2431,24310,88038,8,10,Partisan Arts
2020,166,$0.87 ,Ledisi,87.88,1659,9951,145747,6,6,Paradigm Talent Agency
2020,167,$0.87 ,A Day To Remember,45.22,2744,19210,124108,4,7,United Talent Agency
2020,168,$0.86 ,“DaveKoz&Friends:ASmoothJazzChristmas”,75.88,1620,11340,122923,6,7,APA
2020,169,$0.86 ,Almost Queen - Trib. To Queen,36.69,1172,23448,43016,20,20,Creative Entertainment Group
2020,170,$0.81 ,Joe Bonamassa,147.73,1821,5464,269067,2,3,J & R Adventures
2020,171,$0.81 ,Misfits,97.92,8226,8226,805488,1,1,Artists Worldwide
2020,172,$0.80 ,John Prine,126.64,3169,6337,401251,2,2,Oh Boy Records
2020,173,$0.80 ,Air Supply,67.04,1698,11884,113819,7,7,APA
2020,174,$0.80 ,Pesado,27.66,14389,28777,397950,1,2,Warner Music Latina
2020,175,$0.79 ,Marco Antonio Solis,66.07,12006,12006,793250,1,1,Habari Inc.
2020,176,$0.79 ,Yanni,30.95,8528,25584,263982,3,3,WME
2020,177,$0.77 ,Diana Ross,113.73,2248,6744,255660,3,3,Creative Artists Agency
2020,178,$0.76 ,Foreigner,74.44,2558,10231,190395,2,4,Paradigm Talent Agency
2020,179,$0.74 ,André Rieu,105.11,7021,7021,738010,1,1,André Rieu Productions
2020,180,$0.74 ,Highly Suspect,35.6,1884,20728,67085,11,11,New Frontier Touring
2020,181,$0.73 ,Pepe Aguilar,35.65,10243,20486,365137,2,2,M&M Group
2020,182,$0.73 ,Robert Earl Keen,44.45,1169,16360,51947,12,14,Paradigm Talent Agency
2020,183,$0.73 ,David Sedaris,54.49,1663,13306,90633,8,8,The Steven Barclay Agency
2020,184,$0.72 ,Kenny G,61.79,1458,11661,90072,8,8,WME
2020,185,$0.71 ,Dark Star Orchestra,41.73,1222,17105,50982,11,14,Partisan Arts
2020,186,$0.71 ,Cold War Kids,28.6,1380,24832,39449,16,18,Paradigm Talent Agency
2020,187,$0.70 ,Kansas,69.83,2005,10026,140017,5,5,APA
2020,188,$0.70 ,Greta Van Fleet,48.26,7232,14464,349049,2,2,WME
2020,189,$0.70 ,El Gran Combo,117.83,5916,5916,697110,1,1,The Roots Agency
2020,190,$0.69 ,John Cleese,73.12,1891,9456,138279,5,5,Creative Artists Agency
2020,191,$0.69 ,Scott Bradlee’s Postmodern Jukebox,56.4,1111,12222,62663,11,11,ICM Partners
2020,192,$0.69 ,Saint Motel,26.21,1246,26174,32668,21,21,Paradigm Talent Agency
2020,193,$0.68 ,Travis Tritt,55.95,1739,12172,97281,7,7,APA
2020,194,$0.68 ,Sara Bareilles,58.17,3881,11642,225730,3,3,Paradigm Talent Agency
2020,195,$0.67 ,Carlos Rivera,18.89,17626,35252,332869,2,2,Universal Aguirre
2020,196,$0.66 ,Michael Feinstein,78.63,1203,8420,94583,7,7,ICM Partners
2020,197,$0.66 ,The Ghost,54.3,12074,12074,655663,1,1,
2020,198,$0.66 ,Lil Tjay,32.43,1256,20093,40729,15,16,APA
2020,199,$0.63 ,Ska-P,27.02,11716,23432,316619,2,2,Jesus Rafael Cortes Martinez
2020,200,$0.63 ,Serrat y Sabina,84.26,7491,7491,631201,1,1,Sony Music
2019,1,$177.80 ,The Rolling Stones,226.61,49041,784652,11112923,14,16,Concerts West
2019,2,$157.40 ,Elton John,136.25,14266,1155510,1943702,57,81,The Howard Rose Agency
2019,3,$97.00 ,Bob Seger & The Silver Bullet Band,111.72,12224,867925,1365694,71,71,ICM Partners
2019,4,$87.80 ,Pink,140.76,14867,624419,2092626,37,42,Marshall Arts
2019,5,$82.60 ,Ariana Grande,117.96,13727,700053,1619209,46,51,Creative Artists Agency
2019,6,$81.70 ,Jonas Brothers,106.14,14246,769310,1512119,48,54,United Talent Agency
2019,7,$81.60 ,KISS,101.94,11945,800302,1217650,67,67,Creative Artists Agency
2019,8,$77.50 ,Fleetwood Mac,142.42,13607,544286,1937462,10,13,Creative Artists Agency
2019,9,$76.10 ,Garth Brooks,88.09,65846,856000,5853250,9,12,WME
2019,10,$75.60 ,Justin Timberlake,133.06,14959,568449,1990486,35,38,WME
2019,11,$70.40 ,Billy Joel,130.07,25770,541166,3351790,21,21,WME 
2019,12,$68.60 ,Dead & Company,126 06,29 4.0,543 2t6-,2 4s1470,18,28,Artist Group International
2019,13,$68.60 ,Eric Church,3.81,14t442,750961,"1t318,744",29,52,WME
2019,14,$66.70 ,Michael Bublé,118.58,11711,562115,1388689,46,48,Beaver Productions
2019,15,$65.70 ,Trans-Siberian Orchestra,64.23,9834,1022740,631675,64,104,WME
2019,16,$63.00 ,Backstreet Boys,96.67,9871,651515,954244,51,66,WME
2019,17,$60.30 ,Post Malone,119.85,13598,503135,1629712,31,37,United Talent Agency
2019,18,$59.60 ,Paul McCartney,158.44,23517,376264,3725863,15,16,Marshall Arts
2019,19,$58.70 ,Celine Dion,167.99,7762,349295,1303991,15,45,CDA Productions
2019,20,$57.60 ,Cher,119.16,9867,483498,1175803,39,49,Marshall Arts
2019,21,$53.50 ,Travis Scofi,76.13,14634,702448,1114117,46,48,CLG - Cara Lewis Group
2019,22,$534.00 ,Jennifer Lopez,137.05,12994,389831,1780820,24,30,Creative Artists Agency
2019,23,$52.70 ,New Kids 0n The Block,80.76,11889,655643,960176,53,55,Creative Artists Agency
2019,24,$51.90 ,Florida Georgia Line,70.54,16008,736377,1129244,42,46,WME
2019,25,$48.70 ,Shawn Mendes,72.3,13217,674072,955623,43,51,Paradigm Talent Agency
2019,26,$48.40 ,Lady Gaga,288.07,5415,167869,1559938,11,31,Creative Artists Agency
2019,27,$47.00 ,Dave Mafihews Band,76.46,12825,615614,980589,40,48,Paradigm Talent Agency
2019,28,$46.20 ,Muitiford & Sons,72.11,13923,640453,1003973,42,46,WME
2019,29,$45.80 ,Metallica,121.46,16418,377619,1994134,22,23,Artist Group International
2019,30,$45.40 ,Queen + Adam Lambert,122.69,14817,370431,1817922,23,25,Creative Artists Agency
2019,31,$44.30 ,Thoitias Rhett,66.58,13571,664970,903574,48,49,WME
2019,32,$44.20 ,Carrie Underwood,76.59,11773,576857,901706,49,49,Creative Artists Agency
2019,33,$44.00 ,BTS,146.62,49962,299770,7325620,3,6,Big Hit Entertainment
2019,34,$43.00 ,Zac Brown Band,60.91,15015,705721,914542,40,47,WME
2019,35,$42.20 ,Hootie & The Blowfish,64.43,14200,653201,914878,44,46,Creative Artists Agency
2019,36,$42.10 ,John Mayer,110.71,12663,379881,1401871,26,30,
2019,37,$37.90 ,Andrea Bocelli,181.81,13t043,208690,"2t371,330",14,16,Klassics Music Management Limited
2019,38,$37.20 ,Luke Bryan,57.93,16902,642284,979171,36,38,WME
2019,39,$36.90 ,Bad Bunny,90.42,11662,408160,1054459,33,35,Paradigm Talent Agency
2019,40,$36.90 ,Iron Maiden,72.45,13404,509368,971093,34,38,Creative Artists Agency
2019,41,$36.00 ,Hugh Jackman,94.58,11201,380825,1059362,30,34,WME
2019,42,$34.70 ,Phish,69.81,17742,496788,1238588,13,28,Paradigm Talent Agency
2019,43,$34.10 ,Aerosmith,207.93,4828,164150,1003853,12,34,Creative Artists Agency
2019,44,$33.60 ,George Strait,158.35,26533,212266,4201410,5,8,The Erv Woolsey Agency
2019,45,$30.80 ,Chris Stapleton,73.81,12655,417618,934129,33,33,WME
2019,46,$29.50 ,Khalid,66.3,12729,445514,843986,32,35,CLG - Cara Lewis Group
2019,47,$28.40 ,Tool,101.02,13372,280822,1350881,19,21,WME
2019,48,$27.70 ,Chayanne,89.92,6298,308622,566323,41,49,Chaf Enterprises
2019,49,$26.70 ,JoJo Siwa,55.28,6033,482600,333494,80,80,Paradigm Talent Agency
2019,50,$25.60 ,Marc Anthony,105.73,10075,241795,1065214,23,24,Cardenas Marketing Nework
2019,51,$25.50 ,B2K,89.64,6623,284803,593729,42,43,Omarion Worldwide
2019,52,$25.10 ,Luke Combs,39.4,10107,636731,398249,62,63,Creative Artists Agency
2019,53,$24.70 ,Sebastian Maniscalco,82.71,3886,299185,321358,46,77,United Talent Agency
2019,54,$24.70 ,Luis Miguel,104.66,7158,236223,749218,22,33,WME
2019,55,$23.80 ,Twenty One Pilots,66.47,11934,358025,793227,29,30,Creative Artists Agency
2019,56,$22.40 ,Jerry Seinfeld,109.52,2840,204501,311060,40,72,ICM Partners
2019,57,$22.30 ,Maluma,92.14,7548,241549,695544,30,32,C2C / WK Entertainment
2019,58,$22.30 ,Eagles,366.15,15193,60771,5562797,2,4,Creative Artists Agency
2019,59,$22.20 ,Pentatonix,56.65,6430,392243,364250,54,61,Creative Artists Agency
2019,60,$21.60 ,Jason Aldean,69.17,16416,311905,1135444,17,19,WME
2019,61,$21.30 ,Panic! At The Disco,59.62,12755,357132,760455,28,28,Creative Artists Agency
2019,62,$20.60 ,Bruno Mars,235.55,6731,87503,1585494,4,13,WME
2019,63,$20.10 ,Guns IN’ Roses,122.59,14936,164294,1831051,10,11,United Talent Agency
2019,64,$20.10 ,Jeff Lynne’s EL0,104.2,11343,192837,1181936,17,17,Creative Artists Agency
2019,65,$19.60 ,Train / Goo Goo Dolls,38.44,11578,509900,445098,44,44,WME
2019,66,$19.30 ,Phil Collins,144.69,13348,133481,1931369,9,10,Solo Agency
2019,67,$19.30 ,Blake Sheldon,89.98,10705,214106,963215,19,20,Paradigm Talent Agency
2019,68,$19.20 ,Kenny Chesney,91.19,10040,210836,915530,19,21,Paradigm Talent Agency
2019,69,$18.90 ,Shinedown,50.6,5253,372965,265787,66,71,WME
2019,70,$18.70 ,Def Leppard,115.73,7019,161427,812275,13,23,Artist Group International
2019,71,$18.60 ,Chris Brown,83.32,9725,223669,810245,23,23,Chris Brown Entertainment
2019,72,$18.40 ,Pepe Aguilar,83.96,7543,218740,633286,29,29,M&M Group
2019,73,$18.10 ,Muse,66.01,13722,274444,905859,19,20,United Talent Agency
2019,74,$18.10 ,The Avett Brothers,58.79,5213,307546,306449,50,59,New Frontier Touring
2019,75,$18.10 ,Banda Sinaloense IyIS de Seigio Lizarraga,73.15,7016,245544,513175,27,35,Banda MS
2019,76,$17.50 ,Kelly Clarkson,62.93,9941,278342,625603,27,28,Creative Artists Agency
2019,77,$16.30 ,Madonna,277.28,1630,58696,452097,6,36,Live Nation Global Touring
2019,78,$15.90 ,Gwen Stefani,139.94,3447,113743,482348,13,33,WME
2019,79,$15.80 ,ZZ Top,59.84,4412,264708,263987,52,60,Creative Artists Agency
2019,80,$15.70 ,Lionel Richie,98.64,6120,159118,603639,23,26,Creative Artists Agency
2019,81,$15.70 ,MercyMe,45.16,6191,346700,279579,56,56,WME
2019,82,$15.40 ,Jeff Dunham,50.64,4618,304783,233833,65,66,United Talent Agency
2019,83,$15.40 ,Disturbed,58.82,7060,261238,415273,37,37,Creative Artists Agency
2019,84,$15.10 ,Wisin & Yandel,65.86,9573,229753,630471,17,24,The Relentless Agency
2019,85,$14.60 ,Janet Jackson,163.18,4707,89426,768036,7,19,Paradigm Talent Agency
2019,86,$14.50 ,The Black Keys,102.05,8900,142407,908265,16,16,Paradigm Talent Agency
2019,87,$14.50 ,Breaking Benjamin,35.3,8528,409349,301076,48,48,Creative Artists Agency
2019,88,$14.40 ,Bryan Adams,54.67,6580,263187,359679,40,40,Creative Artists Agency
2019,89,$14.30 ,Mana,118.3,13420,120784,1587698,7,9,Angelo Medina Group
2019,90,$13.70 ,Trevor Noah,60.97,4317,224473,263207,35,52,Creative Artists Agency
2019,91,$13.60 ,Vampire Weekend,58.01,6007,234287,348495,36,39,WME
2019,92,$13.50 ,Marco Antonio Solis,89.12,10144,152156,904015,15,15,Habari Inc.
2019,93,$13.30 ,Brad Paisley,38.05,11248,348697,427945,31,31,WME
2019,94,$13.00 ,Jimmy Buffett,99.23,10919,131033,1083554,12,12,The Howard Rose Agency
2019,95,$12.70 ,The Who,108.12,11825,118248,1278499,10,10,International Talent Booking
2019,96,$11.90 ,Kacey Musgraves,53.61,3896,222096,208878,48,57,Paradigm Talent Agency
2019,97,$11.90 ,Gabriel lglesias,57.08,3208,208507,183086,53,65,Creative Artists Agency
2019,98,$11.90 ,Chris Young,37.19,9385,319104,349081,34,34,WME
2019,99,$11.70 ,Alabama,72.46,7013,161300,508195,23,23,Creative Artists Agency
2019,100,$11.40 ,Donny & Marie Osmond,106.73,763,106847,81456,32,140,Greg Young
2019,101,$11.40 ,Alan Jackson,71.76,8795,158312,631132,18,18,WME
2019,102,$11.20 ,Hillsong United,37.17,7333,300634,272582,39,41,Premier Productions
2019,103,$11.00 ,Old Dominion,48.85,4707,225940,229931,48,48,Paradigm Talent Agency
2019,104,$10.80 ,James Taylor,90.6,7913,118699,716917,15,15,Creative Artists Agency
2019,105,$10.70 ,Lizzo,45.03,3777,237934,170052,48,63,WME
2019,106,$10.70 ,Anuel AA,72.19,6444,148218,465181,22,23,MN2S
2019,107,$10.60 ,For King & Country,36.51,4100,291065,149675,71,71,Jeff Roberts & Associates
2019,108,$10.50 ,Romeo Santos,132.07,26538,79615,3504830,2,3,Johnny Marines Enterprises
2019,109,$10.40 ,Bon lver,60.37,5939,172229,358532,26,29,WME
2019,110,$10.10 ,Van Morrison,160.35,3949,63182,633202,7,16,Paradigm Talent Agency
2019,111,$10.00 ,Lynyrd Skynyrd,67.29,7417,148346,499147,20,20,WME
2019,112,$9.60 ,Mannheim Steamroller,62.83,1827,153431,114766,74,84,WME
2019,113,$9.60 ,Greta Van Fleet,48.79,5171,196481,252293,28,38,WME
2019,114,$9.50 ,Hazier,47.1,3266,202520,153845,60,62,WME
2019,115,$9.40 ,Mariah Carey,131.01,3276,72071,429188,19,22,Creative Artists Agency
2019,116,$9.40 ,Anderson .Paak,52.47,5127,179448,269015,35,35,Creative Artists Agency
2019,117,$9.40 ,Gloria Trevi,49.03,6396,191872,313613,26,30,The Sixth House
2019,118,$9.40 ,Casting Crowns,39.96,3789,234904,151398,62,62,Jeff Roberts & Associates
2019,119,$9.30 ,Lauren Daigle,50.56,3696,184795,186870,48,50,WME
2019,120,$9.20 ,Weezer / Pixies,52.87,7912,174058,418295,22,22,WME
2019,121,$9.20 ,“Hits Deep Tour” / TobyMac,36.24,6857,253715,248503,34,37,Creative Artists Agency
2019,122,$9.10 ,Jim Gaffigan,60.15,3235,152036,194585,24,47,United Talent Agency
2019,123,$9.10 ,The Chainsmokers,60.22,8911,151488,536610,17,17,Creative Artists Agency
2019,124,$8.90 ,Alejandro Sanz,76.57,6437,115873,492888,18,18,OCESA Seitrack
2019,125,$8.80 ,Florence + The Machine,61.46,8435,143394,518431,15,17,WME
2019,126,$8.60 ,Roger Waters,101.8,12110,84773,1232823,3,7,Sensible Events
2019,127,$8.50 ,Ron White,56.73,1553,150664,88120,81,97,Creative Artists Agency
2019,128,$8.50 ,Chris Tomlin,37.95,3714,222824,140948,56,60,Creative Artists Agency
2019,129,$8.40 ,The Tenderloins,63.67,5103,132677,324931,22,26,United Talent Agency
2019,130,$8.30 ,J Balvin,66.57,7777,124433,517726,16,16,WME
2019,131,$8.20 ,Childish Gambino,86.01,11980,95843,1030452,7,8,WME
2019,132,$7.90 ,Derek Hough,68.1,2160,116654,147119,54,54,United Talent Agency
2019,133,$7.80 ,Chicago,76.29,2506,102744,191167,34,41,Creative Artists Agency
2019,134,$7.80 ,Sarah Brightman,82.44,2766,94059,228052,34,34,Creative Artists Agency
2019,135,$7.70 ,Christina Aguilera,145.63,3297,52744,480077,7,16,Creative Artists Agency
2019,136,$7.60 ,Frankie Valli And The Four Seasons,76.72,2240,98575,171888,36,44,APA
2019,137,$7.60 ,Barry Manilow,85.73,1470,88177,125994,18,60,WME
2019,138,$7.50 ,2Cellos,57.4,4335,130045,248814,27,30,Creative Artists Agency
2019,139,$7.40 ,Willie Nelson,79.02,3107,93220,245527,25,30,Creative Artists Agency
2019,140,$7.20 ,Ringo Starr & His All Starr Band,67.99,4828,106211,328245,19,22,Powerline Entertainment
2019,141,$7.00 ,Journey,139.37,4584,50429,638916,2,11,Creative Artists Agency
2019,142,$7.00 ,"Tyler, The Creator",51.92,7923,134691,411350,16,17,WME
2019,143,$6.90 ,Brandi Carlile,60.8,4036,113015,245422,19,28,Paradigm Talent Agency
2019,144,$6.70 ,Casting Crowns / Hillsong Worship,44.2,11694,152027,516877,13,13,Jeff Roberts & Ass. / Premier Prod.
2019,145,$6.70 ,Joe Bonamassa,120.02,2326,55817,279126,18,24,J & R Adventures
2019,146,$6.60 ,Rain - A Tribute To The Beatles,51.64,1498,127318,77355,65,85,WME
2019,147,$6.50 ,John Crist,37.39,1442,174528,53928,87,121,United Talent Agency
2019,148,$6.50 ,The 1975,47.56,6500,136510,309140,19,21,Paradigm Talent Agency
2019,149,$6.50 ,Godsmack,52.66,5850,122856,308054,21,21,WME
2019,150,$6.40 ,Diana Ross,118.78,1808,54226,214695,13,30,Creative Artists Agency
2019,151,$6.40 ,Manâ,127.7,12600,50401,1609096,4,4,Angelo Medina Group
2019,152,$6.20 ,“Springsteen 0n Broadway”,506.39,948,12324,480055,3,13,Thrill Hill Productions
2019,153,$6.20 ,Cody Johnson,32.39,2973,190242,96285,63,64,Red 11 Music
2019,154,$6.10 ,Dierks Bentley,51.37,7459,119349,383177,16,16,WME
2019,155,$6.10 ,Heart,61.28,9002,99018,551611,11,11,Creative Artists Agency
2019,156,$6.00 ,Juan Luis Guerra,116,7435,52042,862417,7,7,Sony Music
2019,157,$6.00 ,Tedeschi Trucks Band,65.94,3048,91447,200988,17,30,Entourage Talent Assoc.
2019,158,$6.00 ,Anita Baker,114.51,3490,52346,399612,7,15,Creative Artists Agency
2019,159,$5.90 ,“Winter Jam” / Newsboys,21.52,6373,274023,137170,43,43,Premier Productions
2019,160,$5.90 ,Meek Mill,54.64,5112,107349,279333,20,21,Celebrity Talent Agency
2019,161,$5.90 ,Santana,74.58,7035,77383,524652,11,11,Creative Artists Agency
2019,162,$5.80 ,“90’s Pop Tour” / 0V7,36.43,17515,157637,638149,9,9,B0B0
2019,163,$5.70 ,Death Cab For Cutie,49.55,2899,113049,143621,37,39,Paradigm Talent Agency
2019,164,$5.60 ,Il Divo,82.87,1873,67434,155236,36,36,JEP Entertainment Group
2019,165,$5.60 ,Tame lmpala,46.46,7022,119373,326207,13,17,Creative Artists Agency
2019,166,$5.50 ,Roberto Carlos,108.97,4595,50545,500718,11,11,DC Set Group
2019,167,$5.50 ,Mary J. Blige,77.41,7096,70958,549288,10,10,APA
2019,168,$5.50 ,Widespread Panic,73.14,3413,75087,249633,10,22,Progressive Global Agency
2019,169,$5.50 ,The Piano Guys,63.26,2476,86676,156661,34,35,ICM Partners
2019,170,$5.40 ,Why Don’t We,48.67,3973,111257,193395,28,28,Paradigm Talent Agency
2019,171,$5.20 ,Billie Eilish,65.25,8923,80310,582261,9,9,Paradigm Talent Agency
2019,172,$5.20 ,Bert Kreischer,47.08,1634,111100,76914,43,68,United Talent Agency
2019,173,$5.10 ,Peter Frampton,73.65,5818,69818,428528,12,12,WME
2019,174,$5.10 ,The Temptations / The Four Tops,62.08,1859,81783,115383,44,44,ICM Partners
2019,175,$5.00 ,Cody Jinks,55.12,2408,91522,132766,34,38,True Grit Talent Agency
2019,176,$5.00 ,Mark Knopfler,98.9,4613,50738,456162,10,11,WME
2019,177,$5.00 ,Arijit Singh,98.35,6366,50925,626084,8,8,Tarsame Mittal Talent Management
2019,178,$4.90 ,Eric Clayton,188.29,13084,26168,2463644,2,2,Creative Artists Agency
2019,179,$4.90 ,"Earth, Wind & Fire",76.08,2943,64736,223855,15,22,Creative Artists Agency
2019,180,$4.90 ,Odesza,60.39,13543,81256,817850,4,6,Paradigm Talent Agency
2019,181,$4.90 ,Ozuna,105.16,11654,46615,1225545,4,4,Saavedra Booking
2019,182,$4.80 ,Camila / Sin Bandera,59.5,5389,80828,320596,15,15,APA
2019,183,$4.80 ,Nine Inch Mails,88.79,4124,53611,366165,4,13,WME
2019,184,$4.70 ,Kevin Hart,80.27,9831,58986,789111,5,6,WME
2019,185,$4.70 ,Michael Franti & Spearhead,55.09,2040,85690,112402,35,42,WME
2019,186,$4.70 ,John Legend,108.61,3582,42981,389018,10,12,WME
2019,187,$4.60 ,Snoop Dogg,60.02,5937,77186,356366,13,13,Universal Attractions Agency
2019,188,$4.60 ,Jo Koy,50.12,1965,92356,98491,33,47,Creative Artists Agency
2019,189,$4.60 ,$uicideboy$,50.16,3817,91615,191468,24,24,Paradigm Talent Agency
2019,190,$4.60 ,Los Angeles Azules,48.65,5234,94209,254609,18,18,M&M Group
2019,191,$4.50 ,Young The Giant / Fib & The Tantrums,38.89,4322,116686,168062,27,27,Paradigm Talent Agency / WME
2019,192,$4.50 ,Lindsey Stirling,52.55,3186,86021,167420,27,27,WME
2019,193,$4.40 ,Straight No Chaser,51.57,2048,86004,105591,35,42,ICM Partners
2019,194,$4.40 ,Five Finger Death Punch/Breaking Benjamin,59,6174,74091,364280,12,12,AGI / CAA
2019,195,$4.30 ,Robyn,72.07,4638,60290,334230,12,13,Pinnacle Entertainment
2019,196,$4.30 ,Rob Thomas,75.05,2199,57180,165057,23,26,Creative Artists Agency
2019,197,$4.30 ,Tom Segura,42.96,2081,99873,89376,31,48,WME
2019,198,$4.30 ,Got7,112.34,6337,38023,711890,6,6,JYP Entertainment
2019,199,$4.20 ,Weird Al Yankovic,54.09,3377,77669,182658,21,23,WME
2019,200,$4.20 ,Gary Clark Jr.,50.66,3173,82494,160749,19,26,WME
2018,1,$277.30 ,Taylor Swift,124.99,"80,322","2,168,706","10,271,531",27,40,Messina Touring Group
2018,2,$166.40 ,Jay-Z / Beyoncé,128.23,"54,085","1,298,038","6,935,409",24,30,Live Nation
2018,3,$166.00 ,Eagles,172.13,"21,428","964,245","3,688,308",45,53,Creative Artists Agency
2018,4,$114.40 ,Kenny Chesney,88.15,"32,443","1,297,731","2,860,007",40,42,Dale Morris & Associates
2018,5,$110.00 ,Justin Timberlake,138.87,"19,795","791,780","2,748,832",40,50,WME
2018,6,$105.00 ,Ed Sheeran,92.42,"54,119","1,136,497","5,001,537",21,24,Paradigm Talent Agency
2018,7,$97.80 ,Journey / Def Leppard,97.79,"17,246","1,000,272","1,686,460",58,60,CAA / Artist Group International
2018,8,$95.30 ,Pink,138.46,"18,120","688,558","2,508,798",38,46,Marshall Arts
2018,9,$88.30 ,“Springsteen On Broadway”,508.93,"4,231","173,461","2,153,146",41,183,Thrill Hill Productions
2018,10,$79.00 ,Drake,116.46,"35,706","678,410","4,158,145",19,43,WME
2018,11,$73.30 ,Luke Bryan,73.66,"19,893","994,648","1,465,269",50,51,WME
2018,12,$61.50 ,U2,140.39,"25,768","438,059","3,617,680",17,27,Live Nation Global Touring
2018,13,$60.60 ,Bruno Mars,133.41,"26,730","454,415","3,566,036",17,31,WME
2018,14,$59.40 ,Luis Miguel,110.28,"11,976","538,901","1,320,654",45,64,WME
2018,15,$58.70 ,Billy Joel,120.94,"23,121","485,533","2,796,155",21,21,Artist Group International
2018,16,$53.70 ,Trans-Siberian Orchestra,58.04,"16,234","925,345","942,297",57,94,WME
2018,17,$48.50 ,Kevin Hart,73.48,"11,185","659,908","821,856",59,62,WME
2018,18,$47.70 ,Dave Matthews Band,66.53,"19,365","716,489","1,288,333",37,46,Paradigm Talent Agency
2018,19,$46.30 ,Dead & Company,76.82,"20,801","603,225","1,597,977",29,34,WME
2018,20,$45.60 ,Shania Twain,85.8,"12,642","530,979","1,084,719",42,46,Creative Artists Agency
2018,21,$42.90 ,Foo Fighters,75.62,"18,894","566,814","1,428,743",30,33,WME
2018,22,$40.30 ,Cirque du Soleil - “Lúzia”,88.3,"13,438","456,875","1,186,511",34,279,Cirque du Soleil Entertainment Group
2018,23,$39.00 ,Keith Urban,64.17,"10,477","607,650","672,284",58,62,Creative Artists Agency
2018,24,$38.90 ,Phish,67.4,"36,101","577,620","2,433,347",16,38,Paradigm Talent Agency
2018,25,$38.70 ,Cirque du Soleil - “Crystal”,58.84,"19,348","657,831","1,138,449",34,249,Cirque du Soleil Entertainment Group
2018,26,$38.10 ,Imagine Dragons,58.11,"17,234","654,905","1,001,485",38,41,Paradigm Talent Agency
2018,27,$38.00 ,Phil Collins,144.35,"13,848","263,105","1,998,946",19,20,Solo Agency
2018,28,$36.60 ,Romeo Santos,93.44,"11,513","391,457","1,075,829",34,38,Johnny Marines Enterprises
2018,29,$35.30 ,Sam Smith,75.09,"12,039","469,522","903,966",39,41,WME
2018,30,$34.00 ,Fleetwood Mac,129.48,"12,492","262,333","1,617,438",21,20,Creative Artists Agency
2018,31,$33.70 ,Elton John,136.16,"20,663","247,960","2,813,597",12,38,The Howard Rose Agency
2018,32,$33.70 ,Jason Aldean,53.91,"17,884","625,929","964,086",35,41,WME
2018,33,$33.70 ,Jennifer Lopez,195.79,"3,830","172,332","749,787",1,21,Creative Artists Agency
2018,34,$33.20 ,Andrea Bocelli,173,"14,762","191,911","2,553,874",13,17,Klassics Music Management Limited
2018,35,$32.80 ,Chris Stapleton,59.87,"14,408","547,497","862,665",38,35,WME
2018,36,$31.90 ,Zac Brown Band,57.76,"26,318","552,674","1,520,203",21,45,Creative Artists Agency
2018,37,$31.60 ,Bon Jovi,102.16,"14,717","309,048","1,503,501",21,14,Creative Artists Agency
2018,38,$31.30 ,Maroon 5,100.12,"13,597","312,720","1,361,349",23,39,WME
2018,39,$30.80 ,Harry Styles,76.78,"18,228","401,010","1,399,446",22,25,Creative Artists Agency
2018,40,$30.40 ,Kid Rock,72.63,"12,295","418,013","892,894",34,36,Creative Artists Agency
2018,41,$27.50 ,Paul Simon,98.07,"13,329","279,919","1,307,250",21,24,Creative Artists Agency
2018,42,$27.20 ,Lynyrd Skynyrd,51.16,"13,629","531,514","697,196",39,39,WME
2018,43,$26.70 ,Metallica,126.82,"16,197","210,556","2,054,032",13,13,Artist Group International
2018,44,$25.80 ,Rod Stewart,83.58,"11,417","308,266","954,282",27,28,Artist Group International
2018,45,$25.20 ,J. Cole,80.8,"9,178","312,068","741,576",34,34,ICM Partners
2018,46,$25.10 ,Cirque du Soleil - “Volta”,82.78,"12,110","302,756","1,002,483",25,191,Cirque du Soleil Entertainment Group
2018,47,$25.00 ,Shakira,113.3,"12,976","220,588","1,470,137",17,18,Creative Artists Agency
2018,48,$24.60 ,Katy Perry,88.35,"13,927","278,535","1,230,429",20,23,Creative Artists Agency
2018,49,$24.60 ,Steve Martin / Martin Short,112.25,"3,368","218,895","378,021",65,71,WME
2018,50,$24.20 ,Jay-Z,103.07,"15,673","235,097","1,615,352",15,17,Live Nation
2018,51,$23.80 ,Pearl Jam,89.35,"66,550","266,198","5,946,451",4,7,WME
2018,52,$22.30 ,Panic! At The Disco,59.64,"12,871","373,257","767,592",29,29,Creative Artists Agency
2018,53,$21.80 ,Cirque du Soleil - “Corteo”,63.48,"14,320","343,683","908,976",24,156,Cirque du Soleil Entertainment Group
2018,54,$21.60 ,Ozuna,75.55,"11,032","286,824","833,484",26,27,Saavedra Booking
2018,55,$21.50 ,Sebastian Maniscalco,80.78,"6,656","266,244","537,671",40,82,United Talent Agency
2018,56,$21.30 ,Tim McGraw / Faith Hill,77.8,"10,146","273,952","789,394",27,28,Creative Artists Agency
2018,57,$21.80 ,James Taylor,90.17,"9,825","235,807","885,958",24,25,Creative Artists Agency
2018,58,$21.10 ,The Smashing Pumpkins,79.41,"7,377","265,584","585,801",36,38,Artist Group International
2018,59,$21.00 ,Jeff Dunham,49.58,"6,403","422,614","317,503",66,68,United Talent Agency
2018,60,$20.90 ,Post Malone,59.99,"12,423","347,851","745,280",28,30,United Talent Agency
2018,61,$20.50 ,Bad Bunny,69.7,"7,529","293,623","524,783",39,43,Cardenas Marketing Network
2018,62,$19.90 ,Thomas Rhett,66.11,"9,704","300,839","641,574",31,32,WME
2018,63,$19.80 ,Jerry Seinfeld,100.61,"3,576","196,706","359,829",55,73,ICM Partners
2018,64,$19.40 ,“Vans Warped Tour”,35.77,"14,287","542,908","511,062",38,38,Creative Artists Agency
2018,65,$19.00 ,The Killers,57.53,"13,227","330,675","760,923",25,27,WME
2018,66,$18.90 ,“The Illusionists”,59.8,"4,216","316,209","252,121",75,189,WME
2018,67,$18.80 ,Steely Dan / Doobie Brothers,61.9,"8,004","304,170","495,473",38,38,Creative Artists Agency
2018,68,$18.60 ,Depeche Mode,76.71,"24,257","242,565","1,860,796",10,11,WME
2018,69,$18.20 ,Lady Gaga,118.29,"14,012","154,134","1,657,461",11,11,Creative Artists Agency
2018,70,$18.00 ,David Byrne,73.07,"3,371","246,055","246,288",73,81,WME
2018,71,$17.80 ,Demi Lovato,75.13,"11,863","237,269","891,244",20,20,Creative Artists Agency
2018,72,$17.30 ,Jimmy Buffett,97.1,"13,714","178,283","1,331,633",13,13,The Howard Rose Agency
2018,73,$17.00 ,George Strait,141.45,"30,129","120,516","4,261,825",4,7,The Erv Woolsey Agency
2018,74,$16.80 ,Pentatonix,39.48,"8,970","403,828","354,153",46,54,Creative Artists Agency
2018,75,$16.60 ,Maluma,85.17,"9,264","194,552","789,080",21,22,Creative Artists Agency
2018,76,$16.60 ,Jeff Lynne’s ELO,115.57,"15,928","143,348","1,840,710",9,11,Creative Artists Agency
2018,77,$16.30 ,Jim Gaffigan,55.52,"5,335","293,443","296,236",55,71,United Talent Agency
2018,78,$16.20 ,Ozzy Osbourne,61.33,"15,494","263,398","950,324",17,17,Creative Artists Agency
2018,79,$16.10 ,Willie Nelson,66.81,"5,123","240,767","342,229",47,50,Creative Artists Agency
2018,80,$15.80 ,“Marvel Universe Live!”,37.43,"30,106","421,485","1,126,771",14,95,Feld Entertainment
2018,81,$15.60 ,Five Finger Death Punch / Breaking Benjamin,36.97,"11,413","422,268","421,980",37,37,WME
2018,82,$15.50 ,Lana Del Rey,75.02,"8,960","206,075","672,153",23,23,Creative Artists Agency
2018,83,$14.80 ,Chris Brown,43.9,"14,027","336,646","615,820",24,24,Chris Brown Entertainment
2018,84,$14.40 ,Backstreet Boys,138.37,"3,460","103,813","478,834",1,30,WME
2018,85,$14.20 ,Gloria Trevi / Alejandra Guzman,62.74,"9,070","226,756","569,049",25,28,The Sixth House
2018,86,$14.10 ,Britney Spears,219.82,"8,018","64,140","1,762,406",8,17,Creative Artists Agency
2018,87,$14.00 ,Miranda Lambert,58.47,"9,972","239,327","583,099",24,24,WME
2018,88,$14.00 ,Blake Shelton,78.17,"12,758","178,612","997,285",14,14,Messina Touring Group
2018,89,$13.70 ,Radiohead,80.52,"21,291","170,328","1,714,338",8,13,Creative Artists Agency
2018,90,$13.60 ,Banda Sinaloense MS de Sergio Lizarraga,76.03,"9,959","179,260","757,202",18,22,Banda MS
2018,91,$13.20 ,Niall Horan,48.6,"7,329","271,177","356,182",37,40,Creative Artists Agency
2018,92,$13.10 ,“Paw Patrol Live!”,44.49,"8,685","295,303","386,398",34,139,VStar Entertainment Group
2018,93,$13.10 ,“TDE: The Championship Tour” / Kendrick Lamar,65.76,"14,249","199,480","936,985",14,15,WME
2018,94,$12.90 ,Godsmack / Shinedown,37.65,"9,803","343,090","369,057",35,35,WME
2018,95,$12.80 ,The Tenderloins,59.21,"5,697","216,497","337,316",38,50,United Talent Agency
2018,96,$12.60 ,Timbiriche,71.29,"8,426","176,947","600,673",21,27,Seitrack US
2018,97,$12.60 ,Katt Williams,71.13,"7,373","176,941","524,404",24,27,ICM Partners
2018,98,$12.60 ,Gabriel Iglesias,60.24,"4,093","208,768","246,609",51,70,Creative Artists Agency
2018,99,$12.50 ,“Lit AF Tour” / Martin Lawrence,63.85,"10,341","196,477","660,315",19,20,ICM Partners
2018,100,$12.40 ,Cirque Du Soleil “Sep7imo Dia”,397.96,"5,212","31,271","2,074,124",6,42,Cirque du Soleil Entertainment Group
2018,101,$12.10 ,Kesha / Macklemore,36.21,"11,178",,"404,738",,,
2018,102,$12.10 ,Marco Antonio Solis,79.81,"8,890",,"709,487",,,
2018,103,$11.90 ,Cher,160.04,"6,774",,"1,084,138",,,
2018,104,$11.70 ,Chicago,49.28,"6,078",,"299,536",,,
2018,105,$11.60 ,Miranda Lambert / Little Big Town,51.04,"13,398",,"683,848",,,
2018,106,$11.50 ,The Avett Brothers,52.35,"5,792",,"303,231",,,
2018,107,$11.30 ,Foreigner,47.63,"4,459",,"212,389",,,
2018,108,$11.20 ,Janet Jackson,62.64,"7,153",,"448,030",,,
2018,109,$10.90 ,Trevor Noah,60.51,"4,891",,"295,940",,,
2018,110,$10.80 ,Yanni,75.2,"2,487",,"187,037",,,
2018,111,$10.60 ,Lionel Richie,122.17,"3,108",,"379,707",,,
2018,112,$10.60 ,Barry Manilow,88.52,"4,425",,"391,727",,,
2018,113,$10.20 ,Twenty One Pilots,73.75,"12,597",,"929,070",,,
2018,114,$10.20 ,Alejandro Fernández,79.21,"8,037",,"636,601",,,
2018,115,$10.20 ,“Riverdance”,62.47,"4,789",,"299,152",,,
2018,116,$10.00 ,André Rieu,68.52,"12,128",,"831,013",,,
2018,117,$10.00 ,Little Big Town,54.47,"6,092",,"331,838",,,
2018,118,$9.80 ,Evanescence / Lindsey Stirling,39.71,"9,182",,"364,661",,,
2018,119,$9.80 ,Anita Baker,95.06,"5,744",,"546,003",,,
2018,120,$9.90 ,Florence + The Machine,74.46,"8,772",,"653,152",,,
2018,121,$9.70 ,G-Eazy / Lil Uzi Vert,27.96,"11,291",,"315,660",,,
2018,122,$9.70 ,Lorde,65.28,"7,803",,"509,357",,,
2018,123,$9.50 ,Chayanne,105.06,"6,047",,"635,300",,,
2018,124,$9.40 ,Chris Young,46.67,"7,220",,"336,967",,,
2018,125,$9.30 ,Van Morrison,155.88,"7,475",,"1,165,136",,,
2018,126,$9.00 ,Ricardo Arjona,82.27,"9,149",,"752,633",,,
2018,127,$9.00 ,Avenged Sevenfold,52.23,"8,640",,"451,248",,,
2018,128,$9.00 ,Paul McCartney,152.96,"14,748",,"2,255,797",,,
2018,129,$9.00 ,John Fogerty / ZZ Top,56.49,"6,364",,"359,553",,,
2018,130,$8.90 ,Khalid,50.36,"8,016",,"403,676",,,
2018,131,$8.90 ,Marc Anthony,98.5,"8,195",,"807,212",,,
2018,132,$8.70 ,Christina Aguilera,112.32,"4,098",,"460,226",,,
2018,133,$8.70 ,Alabama,68.72,"5,062",,"347,854",,,
2018,134,$8.60 ,Mannheim Steamroller,59.42,"2,425",,"144,071",,,
2018,135,$8.60 ,Xscape,69.47,"10,359",,"719,624",,,
2018,136,$8.50 ,Childish Gambino,96.66,"12,580",,"1,215,996",,,
2018,137,$8.40 ,Fall Out Boy,50.07,"7,651",,"383,104",,,
2018,138,$8.40 ,Alan Jackson,59.04,"8,857",,"522,923",,,
2018,139,$8.20 ,Paramore,49.17,"6,447",,"317,010",,,
2018,140,$7.90 ,Pepe Aguilar,78.61,"6,702",,"526,797",,,
2018,141,$7.90 ,MercyMe,37.79,"5,492",,"207,559",,,
2018,142,$7.80 ,Thirty Seconds To Mars,38.37,"6,593",,"252,982",,,
2018,143,$7.80 , Celine Dion ,165.73,"3,928",,"651,003",,,
2018,144,$7.80 ,Odesza,44.7,"6,218",,"277,940",,,
2018,145,$7.70 ,Leon Bridges,53.21,"4,848",,"257,986",,,
2018,146,$7.60 ,Logic,35.84,"10,146",,"363,607",,,
2018,147,$7.50 , “Winter Jam” / Skillet ,21.37,"7,695",,"164,430",,,
2018,148,$7.50 ,Counting Crows,38.06,"5,607",,"213,371",,,
2018,149,$7.40 ,Steve Miller Band / Peter Frampton,61.06,"5,545",,"338,560",,,
2018,150,$7.40 ,Slayer,45.61,"6,797",,"310,014",,,
2018,151,$7.40 ,The Beach Boys,60.36,"2,176",,"131,348",,,
2018,152,$7.50 ,Weezer / Pixies,30.88,"11,900",,"367,502",,,
2018,153,$7.30 ,“Dancing With The Stars”,65.03,"3,229",,"209,995",,,
2018,154,$7.30 ,Tedeschi Trucks Band,55.86,"4,699",,"262,473",,,
2018,155,$7.30 ,“Game Of Thrones Live ”,59.38,"6,508",,"386,439",,,
2018,156,$7.30 ,Alice Cooper,59.65,"2,104",,"125,490",,,
2018,157,$7.20 ,Rob Zombie / Marilyn Manson,31.25,"11,010",,"344,097",,,
2018,158,$7.20 ,Vance Joy,39.65,"4,113",,"163,090",,,
2018,159,$7.10 ,Ron White,53.29,"2,027",,"107,997",,,
2018,160,$7.00 ,The National,54.04,"5,183",,"280,092",,,
2018,161,$7.00 ,Above & Beyond,58.06,"5,009",,"290,808",,,
2018,162,$7.00 ,Marco Antonio Solis,68.91,"10,111",,"696,736",,,
2018,163,$7.00 ,Jason Mraz,57.84,"3,170",,"183,334",,,
2018,164,$7.00 ,Daryl Hall & John Oates / Train,70.53,"8,219",,"579,666",,,
2018,165,$6.90 ,Charlie Puth,36.18,"6,584",,"238,182",,,
2018,166,$6.80 ,Queen + Adam Lambert,160.2,"10,542",,"1,688,749",,,
2018,167,$6.70 ,Eric Clapton,221.06,"30,496",,"6,741,558",,,
2018,168,$6.60 ,Jack White,55.27,"3,208",,"177,279",,,
2018,169,$6.50 ,Widespread Panic,62,"15,024",,"931,545",,,
2018,170,$6.50 ,Santana,76.38,"5,298",,"404,664",,,
2018,171,$6.30 ,Guns N’ Roses,138.59,"15,253",,"2,113,942",,,
2018,172,$6.30 ,Brantley Gilbert,43.52,"5,384",,"234,269",,,
2018,173,$6.30 ,John Groban,93.43,"7,440",,"695,108",,,
2018,174,$6.10 ,J Balvin,65.66,"8,468",,"555,998",,,
2018,175,$6.10 ,Wiz Khalifa / Rae Sremmurd,22.53,"11,300",,"254,628",,,
2018,176,$6.10 ,Nick Cannon Pres. “Wild ‘N Out Live”,51.66,"10,666",,"550,983",,,
2018,177,$6.00 ,ZZ Top,71.01,"7,687",,"545,867",,,
2018,178,$5.90 ,Rain - A Tribute To The Beatles,54.38,"2,017",,"109,695",,,
2018,179,$5.90 ,A.R. Rahman,54.38,"2,017",,"109,695",,,
2018,180,$5.90 ,Slightly Stoopid,35.89,"4,432",,"159,038",,,
2018,181,$5.80 ,“Hits Deep Tour” / TobyMac,27.62,"7,561",,"208,836",,,
2018,182,$5.70 ,Queens Of The Stone Age,49.61,"4,628",,"229,589",,,
2018,183,$5.70 ,Chris Rock,97.9,"8,319",,"814,463",,,
2018,184,$5.70 ,“90’s Block Party” / Guy,78.03,"5,183",,"404,476",,,
2018,185,$5.70 ,Los Enanitos Verdes / Hombres G,45.35,"8,319",,"377,308",,,
2018,186,$5.60 ,Donny & Marie Osmond,88.47,560,,"49,519",,,
2018,187,$5.60 ,Gwen Stefani,137.06,"10,129",,"1,388,187",,,
2018,188,$5.50 ,Portugal. The Man,42.83,"2,875",,"123,110",,,
2018,189,$5.50 ,Kygo,55.92,"9,808",,"548,448",,,
2018,190,$5.40 ,Deep Purple / Judas Priest,47.74,"5,125",,"244,713",,,
2018,191,$5.30 ,311,35.71,"5,720",,"204,291",,,
2018,192,$5.20 ,Frankie Valli And The Four Seasons,74.68,"3,172",,"236,879",,,
2018,193,$5.10 ,John Prine,80.21,"2,360",,"189,332",,,
2018,194,$5.00 ,Dave Chappelle,107.73,"7,766",,"836,603",,,
2018,195,$5.00 ,Pitbull,83.54,"6,001",,"501,293",,,
2018,196,$5.00 ,Stone Temple Pilots / The Cult / Bush,37.54,"4,902",,"184,020",,,
2018,197,$4.90 ,Bryan Adams,64.91,"7,610",,"493,946",,,
2018,198,$4.90 ,Joe Bonamassa,119.97,"2,571",,"308,437",,,
2018,199,$4.90 ,A Perfect Circle,63.83,"4,048",,"258,375",,,
2018,200,$4.90 ,Jason Isbell,48.24,"2,651",,"127,895",,,
2017,1,$176.10 ,U2,116.59,"58,108","1,510,804","6,774,900",26,30,Live Nation Global Touring
2017,2,$112.40 ,Bruno Mars,116.82,"19,243","962,164","2,248,000",50,67,WME
2017,3,$110.30 ,Metallica,96.86,"47,448","1,138,756","4,595,833",24,26,Artist Group International
2017,4,$101.40 ,Garth Brooks,70.81,"53,034","1,431,921","3,755,556",27,93,WME
2017,5,$98.00 ,Guns N’ Roses,117.14,"22,015","836,555","2,578,724",38,42,United Talent Agency
2017,6,$92.10 ,Roger Waters,121.79,"16,439","756,189","2,002,093",46,63,Sensible Events
2017,7,$85.70 ,Lady Gaga,116.24,"21,062","737,155","2,448,104",35,41,Creative Artists Agency
2017,8,$83.70 ,Coldplay,110.96,"41,889","754,004","4,648,195",18,21,Paradigm Talent Agency
2017,9,$82.30 ,Billy Joel,114.88,"39,800","716,399","4,572,222",18,28,Artist Group International
2017,10,$79.30 ,Tim McGraw / Faith Hill,85.11,"13,314","931,959","1,133,135",70,79,Creative Artists Agency
2017,11,$68.20 ,Ed Sheeran,84.94,"16,386","802,919","1,391,837",49,60,Paradigm Talent Agency
2017,12,$67.50 ,Red Hot Chili Peppers,83.48,"15,256","808,576","1,273,585",53,61,WME
2017,13,$64.70 ,Tom Petty & The Heartbreakers,93.29,"18,242","693,192","1,701,815",38,46,WME
2017,14,$61.80 ,Cirque du Soleil - “Kurios”,80.66,"15,324","766,179","1,236,000",50,411,Cirque du Soleil
2017,15,$61.50 ,Trans-Siberian Orchestra,61.18,"16,212","1,005,130","991,787",62,102,WME
2017,16,$60.10 ,Cirque du Soleil - “Lúzia”,84.89,"14,448","707,975","1,226,531",49,403,Cirque du Soleil
2017,17,$59.70 ,The Weeknd,88.35,"13,514","675,721","1,194,000",50,53,WME
2017,18,$58.10 ,Eric Church,61.67,"14,274","942,111","880,303",66,71,WME
2017,19,$56.20 ,Florida Georgia Line,54.82,"14,043","1,025,173","769,863",73,76,WME
2017,20,$56.00 ,Luke Bryan,54.54,"16,298","1,026,769","888,889",63,71,WME
2017,21,$55.80 ,Paul McCartney,148.21,"23,534","376,538","3,487,844",16,22,MPL Communications / Marshall Arts
2017,22,$51.80 ,Dead & Company,84.46,"23,578","613,025","1,991,381",26,33,WME
2017,23,$43.70 ,Neil Diamond,96.37,"12,254","453,390","1,180,949",37,39,WME
2017,24,$42.80 ,Enrique Iglesias / Pitbull,90.48,"11,826","473,032","1,070,000",40,41,Creative Artists Agency / WME
2017,25,$41.40 ,Kendrick Lamar,91.53,"13,709","452,387","1,254,776",33,36,WME
2017,26,$39.30 ,Jay-Z,102.53,"13,689","383,302","1,403,571",28,32,Live Nation
2017,27,$38.90 ,Britney Spears,163.2,"11,340","238,144","1,850,738",21,60,Creative Artists Agency
2017,28,$38.80 ,John Mayer,65.13,"12,171","596,363","792,632",49,50,Creative Artists Agency
2017,29,$38.30 ,Chris Stapleton,46.57,"13,054","822,417","607,937",63,68,WME
2017,30,$37.90 ,Bon Jovi,84.86,"16,535","446,452","1,403,165",27,29,Creative Artists Agency
2017,31,$36.00 ,Celine Dion,168.29,"17,826","213,916","3,000,000",12,65,CDA Productions
2017,32,$35.90 ,Cirque du Soleil - “Volta”,74.66,"16,042","481,274","1,197,760",30,246,Cirque du Soleil
2017,33,$34.90 ,Zac Brown Band,46.83,"17,744","745,248","830,952",42,53,Creative Artists Agency
2017,34,$34.30 ,Depeche Mode,87.9,"15,614","390,355","1,372,431",25,29,WME
2017,35,$33.40 ,New Kids On The Block,67.76,"10,492","493,124","710,987",47,48,Creative Artists Agency
2017,36,$33.40 ,Janet Jackson,73.14,"8,154","456,633","596,429",56,56,WME
2017,37,$32.50 ,Ariana Grande,74.14,"11,536","438,359","855,263",38,41,Creative Artists Agency
2017,38,$31.70 ,Green Day,50.32,"12,599","629,968","634,000",50,50,Creative Artists Agency
2017,39,$30.40 ,The Chainsmokers,64.21,"7,636","473,446","490,323",62,70,Creative Artists Agency
2017,40,$30.40 ,Cirque du Soleil - “Ovo”,64.21,"15,269","473,336","980,405",31,214,Cirque du Soleil
2017,41,$29.40 ,Journey,77.66,"7,734","378,990","600,698",49,58,Creative Artists Agency
2017,42,$29.00 ,Queen + Adam Lambert,97.37,"11,913","297,833","1,160,000",25,26,Creative Artists Agency
2017,43,$28.60 ,Def Leppard,70.88,"11,533","403,650","817,404",35,35,Artist Group International
2017,44,$28.60 ,Jerry Seinfeld,100.74,"5,357","283,899","539,623",53,92,ICM Partners
2017,45,$28.40 ,Phish,65.3,"72,486","434,915","4,733,333",6,25,Paradigm Talent Agency
2017,46,$28.30 ,Dierks Bentley,39.37,"12,611","718,821","496,491",57,58,WME
2017,47,$28.00 ,Jimmy Buffett,74.71,"14,415","374,782","1,076,923",26,26,The Howard Rose Agency
2017,48,$27.50 ,Marc Anthony,100.48,"11,390","273,362","1,144,513",24,27,Cardenas Marketing Network
2017,49,$27.10 ,Chris Rock,85.75,"6,450","316,034","553,061",49,97,ICM Partners
2017,50,$26.00 ,Katy Perry,105.52,"6,010","246,398","634,146",41,41,Creative Artists Agency
2017,51,$25.80 ,Springsteen On Broadway,496.16,946,"52,020","469,281",1,55,Thrill Hill Productions / CAA
2017,52,$25.50 ,Jason Aldean,49.9,"12,776","511,022","637,500",40,41,WME
2017,53,$25.40 ,J. Cole,76.58,"8,966","331,760","686,614",37,40,ICM Partners
2017,54,$25.00 ,Jennifer Lopez,194.73,"11,655","128,202","2,269,557",11,32,Creative Artists Agency
2017,55,$24.80 ,Imagine Dragons,59.57,"13,015","416,476","775,240",32,32,Paradigm Talent Agency
2017,56,$24.10 ,Cher,153.56,"11,231","157,238","1,724,654",14,46,Marshall Arts
2017,57,$24.10 ,Hall & Oates / Tears For Fears,75.04,"10,705","321,162","803,333",30,31,Artist Group Int’l / Creative Artists Agency
2017,58,$23.30 ,Kings Of Leon,45.46,"9,152","512,538","416,071",56,60,WME
2017,59,$23.10 ,Gloria Trevi / Alejandra Guzman,63.73,"10,342","361,960","659,041",35,42,The Sixth House / Universal Aguirre
2017,60,$23.00 ,James Taylor,82.24,"15,552","279,935","1,278,924",18,19,ICM Partners
2017,61,$23.00 ,Future,34.99,"14,593","656,707","510,689",45,46,ICM Partners
2017,62,$22.20 ,Sam Hunt,38.62,"16,898","574,546","652,591",34,37,Creative Artists Agency
2017,63,$21.80 ,Lionel Richie,80.78,"8,996","269,868","726,667",30,37,Creative Artists Agency
2017,64,$21.40 ,Iron Maiden,64.94,"13,185","329,613","856,262",25,26,Creative Artists Agency
2017,65,$21.00 ,Eric Clapton,217.24,"32,249","96,747","7,005,760",3,8,Creative Artists Agency
2017,66,$20.70 ,Stevie Nicks,88.46,"9,339","233,464","826,108",25,26,Creative Artists Agency
2017,67,$20.10 ,George Strait,127.22,"31,725","158,627","4,036,136",3,10,The Erv Woolsey Agency
2017,68,$20.10 ,matchbox twenty / Counting Crows,42.12,"9,174","477,034","386,397",52,52,Creative Artists Agency / Int’l Talent Booking
2017,69,$20.00 ,Chance The Rapper,48.07,"13,421","416,059","645,161",31,35,CLG - Cara Lewis Group
2017,70,$19.90 ,Foo Fighters,90.83,"9,129","219,090","829,167",24,24,WME
2017,71,$19.80 ,“The Illusionists”,61.74,"4,581","320,699","282,857",70,193,WME
2017,72,$19.50 ,Shawn Mendes,52.16,"13,379","374,614","697,862",28,29,Paradigm Talent Agency
2017,73,$19.40 ,Backstreet Boys,129.57,"12,481","149,766","1,617,152",12,33,WME
2017,74,$19.10 ,Twenty One Pilots,47.79,"10,821","400,384","517,113",37,38,Creative Artists Agency
2017,75,$19.00 ,Tool,77.19,"13,675","246,145","1,055,556",18,18,WME
2017,76,$18.80 ,Nickelback,40.35,"8,320","465,923","335,714",56,65,United Talent Agency
2017,77,$18.80 ,Cirque du Soleil - “Toruk - The First Flight”,62.42,"27,367","301,038","1,708,339",11,69,Cirque du Soleil
2017,78,$18.70 ,Panic! At The Disco,47.31,"9,643","395,343","456,154",41,42,Creative Artists Agency
2017,79,$18.70 ,Rod Stewart,76.12,"11,167","245,664","850,000",22,36,Artist Group International
2017,80,$18.60 ,Charlie Wilson,67.25,"6,286","276,579","422,727",44,45,ICM Partners
2017,81,$18.20 ,Jeff Dunham,48.29,"5,462","376,889","263,768",69,87,United Talent Agency
2017,82,$18.00 ,Willie Nelson,59.87,"3,956","300,651","236,842",76,97,Creative Artists Agency
2017,83,$17.90 ,Elton John,108.08,"7,528","165,618","813,636",22,43,The Howard Rose Agency
2017,84,$17.90 ,Jack Johnson,51.06,"14,607","350,567","745,833",24,30,Partisan Arts
2017,85,$17.80 ,Brad Paisley,34.04,"11,620","522,914","395,556",45,45,WME
2017,86,$17.50 ,Dave Chappelle,100.6,"7,907","173,956","795,455",22,35,Gersh
2017,87,$17.40 ,Chris Brown,67.52,"8,067","258,130","544,640",32,32,CBE Entertainment
2017,88,$17.40 ,Marco Antonio Solis,102.32,"8,503","170,054","870,000",20,22,Abel Solis Sosa
2017,89,$17.30 ,Santana,74.38,"6,630","232,035","493,088",35,63,Creative Artists Agency
2017,90,$16.50 ,Foreigner,39.67,"5,402","415,931","214,286",77,79,Paradigm Talent Agency
2017,91,$16.20 ,Steve Martin / Martin Short,105.82,"4,023","152,883","425,722",38,43,WME
2017,92,$15.80 ,Andrea Bocelli,175.57,"14,989","89,93","2,631,164",6,7,Klassics Music Management Ltd.
2017,93,$15.60 ,Kid Rock,68.56,"15,169","227,537","1,040,000",15,22,Creative Artists Agency
2017,94,$15.20 ,The Lumineers,45.93,"10,675","330,938","490,323",31,34,Paradigm Talent Agency
2017,95,$15.10 ,“Riverdance”,56.37,"4,617","267,785","260,241",58,166,Abhann Productions Ltd.
2017,96,$14.90 ,Sting,83.39,"5,105","178,678","425,714",35,41,Creative Artists Agency
2017,97,$14.80 ,Timbiriche,71.75,"17,236","206,831","1,236,603",12,26,Grupo Televisa
2017,98,$14.70 ,Kenny Chesney,98.1,"37,453","149,811","3,674,272",4,6,Dale Morris & Associates
2017,99,$14.40 ,Justin Bieber,67.69,"71,099","213,296","4,812,751",3,5,Creative Artists Agency
2017,100,$14.10 ,Bob Seger & The Silver Bullet Band,89.82,"12,077","156,999","1,084,704",13,13,ICM Partners
2017,101,$14.00 ,“Harry Potter In Concert”,57.78,"3,106",,"179,487",,,
2017,102,$13.90 ,Arcade Fire,58.29,"7,452",,"434,375",,,
2017,103,$13.90 ,Gabriel Iglesias,58.15,"3,984",,"231,667",,,
2017,104,$13.80 ,Joe Bonamassa,115.75,"1,753",,"202,941",,,
2017,105,$13.70 ,Chicago / Doobie Brothers,46.56,"10,163",,"473,186",,,
2017,106,$13.60 ,Ricardo Arjona,79.19,"7,806",,"618,182",,,
2017,107,$13.50 ,OneRepublic,40.18,"8,028",,"322,601",,,
2017,108,$13.40 ,Brantley Gilbert,31.83,"8,980",,"285,834",,,
2017,109,$13.40 ,“Dancing With The Stars”,63.1,"2,758",,"174,026",,,
2017,110,$13.30 ,“Game Of Thrones Live Concert Experience”,86.38,"5,703",,"492,593",,,
2017,111,$12.90 ,Dave Matthews And Tim Reynolds,60.8,"14,145",,"860,000",,,
2017,112,$12.80 ,A Perfect Circle,57.48,"5,179",,"297,674",,,
2017,113,$12.70 ,Fall Out Boy,60.34,"8,419",,"508,000",,,
2017,114,$12.40 ,Train,32.68,"7,744",,"253,061",,,
2017,115,$12.10 ,Casting Crowns,32.37,"4,856",,"157,215",,,
2017,116,$12.00 ,The Avett Brothers,53.1,"4,109",,"218,182",,,
2017,117,$11.80 ,Ozuna,63.13,"8,120",,"512,677",,,
2017,118,$11.30 ,Maroon 5,82.23,"15,221",,"1,251,567",,,
2017,119,$11.20 ,ZZ Top,64.91,"2,746",,"178,255",,,
2017,120,$11.00 ,Xscape,68.49,"8,453",,"578,947",,,
2017,121,$10.70 ,The xx,44.79,"4,875",,"218,367",,,
2017,122,$10.40 ,Odesza,50.31,"6,668",,"335,484",,,
2017,123,$10.30 ,Jim Gaffigan,55.59,"6,389",,"355,172",,,
2017,124,$10.30 ,John Legend,75.6,"4,866",,"367,857",,,
2017,125,$10.20 ,Tedeschi Trucks Band,55.21,"3,770",,"208,163",,,
2017,126,$10.10 ,Boston,49.67,"3,703",,"183,910",,,
2017,127,$10.00 ,Steve Miller Band,56.8,"4,192",,"238,095",,,
2017,128,$10.00 ,“Paw Patrol Live!”,45.87,"9,875",,"452,974",,,
2017,129,$9.90 ,Eagles,148.65,"16,571",,"2,463,398",,,
2017,130,$9.90 ,Sebastian Maniscalco,69.11,"5,715",,"394,980",,,
2017,131,$9.50 ,Chicago,51.68,"3,064",,"158,333",,,
2017,132,$9.40 ,The Who,141.41,"9,496",,"1,342,857",,,
2017,133,$9.40 ,Blake Shelton,62.11,"11,641",,"723,046",,,
2017,134,$9.30 ,Incubus,31.75,"8,615",,"273,529",,,
2017,135,$9.20 ,Halsey,47.85,"7,126",,"340,983",,,
2017,136,$9.20 ,Miguel Bosé,67.55,"5,448",,"368,000",,,
2017,137,$9.20 ,Mannheim Steamroller,59.79,"2,474",,"147,911",,,
2017,138,$9.00 ,Julianne Hough / Derek Hough,68.89,"2,722",,"187,500",,,
2017,139,$8.90 ,Miranda Lambert,53.47,"5,369",,"287,097",,,
2017,140,$8.90 ,Muse,48.22,"11,501",,"554,646",,,
2017,141,$8.80 ,“I Love The 90s Tour” / Salt-N-Pepa/Vanilla Ice,49.63,"4,327",,"214,753",,,
2017,142,$8.60 ,LCD Soundsystem,57.76,"7,836",,"452,632",,,
2017,143,$8.60 ,   Lyle Lovett ,66.15,"1,397",,"92,411",,,
2017,144,$8.50 ,Banda MS,64.2,"9,457",,"607,143",,,
2017,145,$8.50 ,“Vans Warped Tour”,33.6,"6,486",,"217,949",,,
2017,146,$8.50 ,Brian Wilson,80.72,"1,755",,"141,667",,,
2017,147,$8.40 ,   Ron White ,55.57,"1,989",,"110,526",,,
2017,148,$8.40 ,Radiohead,86.08,"12,178",,"1,048,271",,,
2017,149,$8.30 ,Ricky Martin,92.28,"11,251",,"1,038,235",,,
2017,150,$8.20 ,Mary J. Blige,74.49,"3,551",,"264,516",,,
2017,151,$8.10 ,Donny & Marie Osmond,92.68,577,,"53,494",,,
2017,152,$8.10 ,Third Eye Blind,47.56,"2,365",,"112,500",,,
2017,153,$7.90 ,Alton Brown,60.62,"1,945",,"117,910",,,
2017,154,$7.90 ,G Dragon,132.57,"7,420",,"983,678",,,
2017,155,$7.70 ,REO Speedwagon / Styx,35.29,"7,038",,"248,387",,,
2017,156,$7.70 ,Barry Manilow,111.94,"3,620",,"405,263",,,
2017,157,$7.60 ,Hans Zimmer,75.76,"4,557",,"345,227",,,
2017,158,$7.50 ,Gorillaz,63.12,"9,165",,"578,528",,,
2017,159,$7.50 ,The Tenderloins,70.35,"3,554",,"250,000",,,
2017,160,$7.50 ,“Winter Jam” / Crowder,15.63,"10,632",,"166,225",,,
2017,161,$7.40 ,Katt Williams,67.91,"3,515",,"238,710",,,
2017,162,$7.40 ,Trevor Noah,57.05,"3,326",,"189,744",,,
2017,163,$7.30 ,Maluma,51.5,"6,762",,"348,241",,,
2017,164,$7.30 ,Pepe Aguilar,89.02,"2,103",,"187,179",,,
2017,165,$7.30 ,“Peppa Pig Live”,39.44,"1,813",,"71,505",,,
2017,166,$7.20 ,André Rieu,67.97,"7,553",,"513,389",,,
2017,167,$7.10 ,John Mellencamp,67.23,"3,407",,"229,032",,,
2017,168,$7.00 ,Dan TDM,58.34,"3,243",,"189,189",,,
2017,169,$6.90 ,“90’s Pop Tour” / OV7,33.72,"13,693",,"461,692",,,
2017,170,$6.90 ,The Beach Boys,60.77,"1,248",,"75,824",,,
2017,171,$6.80 ,Bill O’Reilly / Dennis Miller,117.58,"6,468",,"760,556",,,
2017,172,$6.80 ,Barbra Streisand,262.61,"12,950",,"3,400,711",,,
2017,173,$6.80 ,Tony Bennett,91.11,"1,623",,"147,826",,,
2017,174,$6.80 ,Logic,43.01,"5,100",,"219,355",,,
2017,175,$6.70 ,Don Henley,112.49,"3,744",,"421,122",,,
2017,176,$6.50 ,Paul Simon,75.1,"5,091",,"382,353",,,
2017,177,$6.50 ,Goo Goo Dolls,36.72,"3,848",,"141,304",,,
2017,178,$6.40 ,Billy Crystal,102.26,"2,407",,"246,154",,,
2017,179,$6.30 ,Nicky Jam,66.62,"4,503",,"300,000",,,
2017,180,$6.20 ,Lindsey Buckingham / Christine McVie,72.95,"1,990",,"145,136",,,
2017,181,$6.20 ,Scorpions,70.26,"7,354",,"516,667",,,
2017,182,$6.00 ,Hank Williams Jr.,35.03,"6,851",,"240,000",,,
2017,183,$6.00 ,Primus,40.45,"3,027",,"122,449",,,
2017,184,$5.90 ,"Earth, Wind & Fire / Chic Feat. Nile Rodgers",55.76,"4,838",,"269,782",,,
2017,185,$5.90 ,Scott Bradlee’s Postmodern Jukebox,41.06,"1,272",,"52,212",,,
2017,186,$5.90 ,“Hits Deep Tour” / TobyMac,28.65,"6,631",,"189,989",,,
2017,187,$5.90 ,Reba / Brooks & Dunn,130.4,"2,262",,"295,000",,,
2017,188,$5.80 ,The 1975,39.96,"4,682",,"187,097",,,
2017,189,$5.80 ,Carlos Vives,68.37,"4,990",,"341,177",,,
2017,190,$5.80 ,King Crimson,74.66,"2,100",,"156,757",,,
2017,191,$5.70 ,Van Morrison,151.24,"5,384",,"814,286",,,
2017,192,$5.60 ,Sigur Rós,57.1,"3,923",,"224,000",,,
2017,193,$5.60 ,The Moody Blues,62.06,"3,760",,"233,333",,,
2017,194,$5.60 ,Bill Maher,70.6,"2,479",,"175,000",,,
2017,195,$5.50 ,Emmanuel / Manuel Mijares,51.59,"7,646",,"394,433",,,
2017,196,$5.30 ,Deftones / Rise Against,33.46,"6,887",,"230,435",,,
2017,197,$5.20 ,Alejandro Fernández,73.58,"14,182",,"1,043,513",,,
2017,198,$5.20 ,Blondie / Garbage,54.28,"3,548",,"192,593",,,
2017,199,$5.00 ,Norah Jones,63.15,"2,730",,"172,414",,,
2017,200,$4.90 ,Mumford & Sons,43.98,"13,956",,"613, 822",,,
2016,1,$169.40 ,Beyoncé,123.63,"45,684","1,370,517","5,648,106",30,32,Creative Artists Agency
2016,2,$130.80 ,Guns N’ Roses,115.55,"47,164","1,131,931","5,449,581",24,31,United Talent Agency
2016,3,$122.40 ,Bruce Springsteen & The E Street Band,125.29,"23,263","977,058","2,914,561",42,48,BPB Consulting / Creative Artists Agency
2016,4,$97.00 ,Garth Brooks,69.29,"56,000","1,400,000","3,880,000",25,102,WME
2016,5,$95.10 ,Adele,111.58,"35,513","852,303","3,962,500",24,58,WME
2016,6,$89.60 ,Justin Bieber,99.62,"16,353","899,417","1,629,091",55,65,Creative Artists Agency
2016,7,$85.90 ,Coldplay,96.32,"42,481","892,109","4,091,655",21,26,Paradigm Talent Agency
2016,8,$84.30 ,Drake,112.08,"19,793","752,141","2,218,421",38,56,WME
2016,9,$84.10 ,Luke Bryan,59,"21,597","1,425,423","1,274,242",66,81,WME
2016,10,$69.50 ,Kenny Chesney,76.32,"32,512","910,330","2,481,195",28,30,Dale Morris & Associates
2016,11,$68.00 ,Billy Joel,110.97,"40,852","612,778","4,533,333",15,26,Artist Group International
2016,12,$67.20 ,Paul McCartney,142.75,"24,795","471,104","3,539,357",19,24,Marshall Arts / MPL Communications
2016,13,$66.60 ,Cirque du Soleil - “Toruk - The First Flight”,69.56,"21,760","957,446","1,513,636",44,293,Cirque du Soleil
2016,14,$61.50 ,Celine Dion,142.26,"25,430","432,307","3,617,647",17,67,ICM Partners
2016,15,$58.20 ,Carrie Underwood,68.7,"10,592","847,378","727,670",80,80,Creative Artists Agency
2016,16,$55.30 ,Trans-Siberian Orchestra,58.98,"15,376","937,921","906,934",61,104,WME
2016,17,$52.80 ,Cirque du Soleil - “Kurios”,86.3,"15,302","612,080","1,320,518",40,348,Cirque du Soleil
2016,18,$52.80 ,Kanye West,86.65,"19,042","609,347","1,650,000",32,41,Creative Artists Agency
2016,19,$46.20 ,Dixie Chicks,66.76,"12,804","691,391","854,763",54,55,Creative Artists Agency
2016,20,$46.10 ,Barbra Streisand,260.2,"13,618","177,034","3,543,438",13,14,Creative Artists Agency
2016,21,$41.00 ,Black Sabbath,71.38,"14,728","574,390","1,051,282",39,40,Creative Artists Agency
2016,22,$40.30 ,Rihanna,88.58,"12,638","454,955","1,119,444",36,41,WME
2016,23,$37.40 ,Jason Aldean,49.54,"13,471","754,398","667,379",56,59,WME
2016,24,$37.00 ,Phish,54.31,"30,991","681,793","1,683,019",22,42,Paradigm Talent Agency
2016,25,$36.50 ,Florida Georgia Line,44.72,"13,595","815,719","608,026",60,60,WME
2016,26,$35.00 ,Elton John,121.22,"11,549","288,731","1,400,000",25,51,The Howard Rose Agency
2016,27,$35.00 ,Journey / Doobie Brothers,61.05,"11,699","573,256","714,221",49,49,Creative Artists Agency
2016,28,$34.90 ,Dave Matthews Band,49.14,"16,910","710,215","830,952",42,48,Paradigm Talent Agency
2016,29,$34.70 ,Jennifer Lopez,206.69,"4,195","167,810","867,136",40,40,Creative Artists Agency
2016,30,$34.10 ,Zac Brown Band,52.75,"17,471","646,445","921,622",37,40,Creative Artists Agency
2016,31,$33.10 ,Maroon 5,82.61,"17,421","400,677","1,439,130",23,25,WME
2016,32,$31.60 ,Keith Urban,51.03,"11,063","619,554","564,569",56,58,Creative Artists Agency
2016,33,$31.50 ,Def Leppard,52.34,"10,562","602,035","552,790",57,57,Artist Group International
2016,34,$31.00 ,Dolly Parton,80.07,"6,347","387,161","508,197",61,62,APA
2016,35,$29.70 ,James Taylor,81.01,"7,189","366,621","582,353",51,54,Creative Artists Agency
2016,36,$29.50 ,Cirque du Soleil - “Lúzia”,71.48,"1,833","412,380","131,015",1,225,Cirque du Soleil
2016,37,$29.40 ,Dead & Company,69.85,"22,126","420,396","1,545,481",19,23,CAA / Paradigm Talent Agency
2016,38,$29.00 ,AC/DC,114.84,"12,626","252,525","1,450,000",20,20,Creative Artists Agency
2016,39,$28.90 ,Blink-182,39.42,"13,082","732,577","515,683",56,58,Creative Artists Agency
2016,40,$28.80 ,Britney Spears,144.97,"3,608","198,415","522,991",1,55,Creative Artists Agency
2016,41,$28.50 ,Marc Anthony,126.63,"11,253","225,065","1,425,000",20,26,Cardenas Marketing Network / Marc Anthony Prod.
2016,42,$28.40 ,The Who,93.5,"10,125","303,743","946,667",30,30,International Talent Booking
2016,43,$28.10 ,Jimmy Buffett,67.4,"13,449","416,913","906,452",31,31,The Howard Rose Agency
2016,44,$28.00 ,Sting / Peter Gabriel,119.77,"12,988","233,781","1,555,556",18,19,Creative Artists Agency / WME
2016,45,$27.90 ,Pearl Jam,66.71,"27,877","418,152","1,859,782",15,20,WME
2016,46,$25.90 ,Jeff Dunham,49.38,"5,764","524,503","284,615",91,92,United Talent Agency
2016,47,$25.30 ,Stevie Nicks,98.08,"9,218","258,106","904,083",28,28,Creative Artists Agency
2016,48,$25.10 ,Selena Gomez,65.51,"8,514","383,147","557,778",45,45,WME
2016,49,$25.00 ,Andrea Bocelli,177.91,"9,368","140,520","1,666,667",15,16,Klassics Music Management Limited
2016,50,$23.10 ,Cirque du Soleil - “Ovo”,61.37,"12,969","376,088","795,881",29,191,Cirque du Soleil
2016,51,$21.40 ,Brad Paisley,38.32,"9,797","558,455","375,439",57,57,WME
2016,52,$21.30 ,Jerry Seinfeld,94.5,"3,522","225,396","332,813",64,86,ICM Partners
2016,53,$21.20 ,Amy Schumer,59.93,"6,551","353,746","392,593",54,55,APA
2016,54,$21.00 ,“I Love The 90’s” / Salt-N-Pepa / Vanilla Ice,47.13,"4,547","445,576","214,286",98,98,UAA / Universal Attractions Agency
2016,55,$20.10 ,The Rolling Stones,153.84,"65,850","131,700","10,130,173",2,3,AEG Live
2016,56,$19.80 ,The Cure,54.32,"14,583","364,583","792,185",25,33,Creative Artists Agency
2016,57,$19.80 ,Madonna,127.58,"17,220","154,982","2,196,966",9,12,Live Nation Global Touring
2016,58,$19.50 ,Mumford & Sons,48.73,"15,365","399,480","748,674",26,29,The Billions Corporation
2016,59,$19.10 ,Twenty One Pilots,35.28,"10,433","542,493","368,081",52,58,Creative Artists Agency
2016,60,$19.10 ,“Riverdance”,58.95,"7,729","324,612","455,650",42,199,WME
2016,61,$19.10 ,Pitbull,67.41,"7,871","283,340","530,556",36,41,Creative Artists Agency
2016,62,$18.50 ,The Tragically Hip,81.23,"22,783","227,834","1,850,692",10,15,The Feldman Agency / United Talent Agency
2016,63,$18.30 ,5 Seconds Of Summer,52.33,"7,934","349,087","415,183",44,46,Creative Artists Agency
2016,64,$18.10 ,Sia,78.98,"10,398","228,766","821,290",22,23,Paradigm Talent Agency
2016,65,$18.00 ,Blake Shelton,60.71,"13,462","296,158","817,202",22,26,WME
2016,66,$17.80 ,George Strait,166.9,"35,624","106,873","5,945,791",3,6,The Erv Woolsey Agency
2016,67,$17.70 ,Paul Simon,92.78,"6,578","190,773","610,345",29,36,Creative Artists Agency
2016,68,$17.50 ,“Bad Boy Family Reunion Tour” / “Puff Daddy”,83.91,"10,974","208,508","920,869",19,19,Creative Artists Agency
2016,69,$17.40 ,“Honda Civic Tour” / Demi Lovato / Nick Jonas,57.79,"7,002","301,090","404,651",43,43,Creative Artists Agency
2016,70,$16.80 ,Bob Dylan,81,"3,907","207,065","316,462",53,57,Creative Artists Agency
2016,71,$16.60 ,Weezer / Panic! At The Disco,33.03,"12,539","501,558","414,153",40,40,WME / Creative Artists Agency
2016,72,$16.50 ,“The Illusionists”,59.63,"8,668","277,376","516,860",32,164,WME / The Road Company
2016,73,$16.40 ,Dierks Bentley,33.59,"9,573","488,240","321,569",51,51,WME
2016,74,$16.20 ,Duran Duran,67.56,"5,995","239,786","405,000",40,44,WME
2016,75,$16.10 ,Katt Williams,76.5,"6,190","210,457","473,529",34,37,ICM Partners
2016,76,$15.90 ,Mariah Carey,107.18,"16,483","148,348","1,766,667",9,41,United Talent Agency
2016,77,$15.80 ,David Gilmour,112.94,"20,018","140,128","2,260,817",7,11,APA
2016,78,$15.70 ,Steely Dan,68.68,"6,350","228,596","436,111",36,44,Creative Artists Agency
2016,79,$15.40 ,KISS,66.02,"5,832","233,262","385,000",40,40,Creative Artists Agency
2016,80,$15.30 ,Iron Maiden,68.46,"14,928","223,919","1,021,998",15,17,Creative Artists Agency
2016,81,$15.30 ,Pentatonix,54.83,"6,489","279,048","355,848",43,43,Creative Artists Agency
2016,82,$14.70 ,"Earth, Wind & Fire / Chicago",64.87,"6,844","225,866","444,021",33,34,Creative Artists Agency
2016,83,$14.50 ,Tool,73.46,"10,966","197,386","805,556",18,20,WME
2016,84,$14.20 ,Gloria Trevi,44,"5,662","322,727","249,123",57,59,The Sixth House / AC Shows
2016,85,$14.00 ,Five Finger Death Punch / Shinedown,55.64,"6,627","251,811","368,696",38,38,WME
2016,86,$14.00 ,“Vans Warped Tour”,34.61,"9,866","404,507","341,463",41,41,Creative Artists Agency
2016,87,$14.00 ,Brantley Gilbert,34.79,"6,938","402,414","241,379",58,60,Creative Artists Agency
2016,88,$13.60 ,Maná,98.1,"6,302","138,634","618,182",22,28,Angelo Medina Group
2016,89,$13.30 ,Chris Stapleton,44.13,"6,432","302,299","283,839",47,52,WME
2016,90,$13.10 ,Maxwell / Mary J. Blige,87.27,"6,255","150,108","545,833",24,24,Paradigm Talent Agency / ICM Partners
2016,91,$12.70 ,The Avett Brothers,49.71,"4,645","255,481","230,909",55,63,New Frontier Touring
2016,92,$12.60 ,Widespread Panic,50.69,"4,873","248,543","247,034",51,74,Progressive Global Agency
2016,93,$12.20 ,Bonnie Raitt,66.77,"2,947","182,716","196,774",62,64,Creative Artists Agency
2016,94,$12.10 ,Julion Alvarez,78.01,"5,745","155,108","448,148",27,29,Live Nation
2016,95,$12.00 ,Metallica,103.99,"14,424","115,395","1,500,000",8,8,Artist Group International
2016,96,$12.00 ,The Beach Boys,60.38,"1,699","198,741","102,564",117,125,ICM Partners
2016,97,$11.90 ,ZZ Top,58.84,"2,848","202,210","167,573",71,71,Creative Artists Agency
2016,98,$11.90 ,Willie Nelson,67.94,"2,502","175,154","170,000",70,85,Creative Artists Agency
2016,99,$11.80 ,Ricky Martin,65.59,"9,995","179,905","655,556",18,22,Creative Artists Agency
2016,100,$11.50 ,Heart / Joan Jett / Cheap Trick,33.26,"11,119","344,675","369,758",31,31,Creative Artists Agency
2016,101,$11.40 ,Daryl Hall & John Oates,48.61,"8,685",,"422,149",,,
2016,102,$11.40 ,Gabriel Iglesias,52.92,"2,911",,"154,054",,,
2016,103,$11.40 ,Rod Stewart,149.84,"10,869",,"1,628,571",,,
2016,104,$11.30 ,Martin Lawrence,70.97,"4,964",,"352,329",,,
2016,105,$11.10 ,Slipknot,35.48,"7,631",,"270,732",,,
2016,106,$11.00 ,Josh Groban,67.82,"5,793",,"392,857",,,
2016,107,$10.90 ,Yanni,64.85,"2,812",,"182,387",,,
2016,108,$10.80 ,Theresa Caputo,63.13,"3,071",,"193,887",,,
2016,109,$10.80 ,Goo Goo Dolls,40.82,"3,436",,"140,260",,,
2016,110,$10.70 ,Snoop Dogg / Wiz Khalifa,24.94,"13,344",,"332,816",,,
2016,111,$10.50 ,The Lumineers,35.1,"8,307",,"291,543",,,
2016,112,$10.20 ,Ellie Goulding,43.9,"6,114",,"268,421",,,
2016,113,$10.10 ,Fall Out Boy,48.03,"9,544",,"458,452",,,
2016,114,$10.10 ,Muse,56.62,"14,865",,"841,667",,,
2016,115,$10.10 ,Jackson Browne,66.51,"2,301",,"153,030",,,
2016,116,$10.00 ,Chris Young,41.12,"3,685",,"151,515",,,
2016,117,$9.90 ,Barry Manilow,65.75,"3,861",,"253,846",,,
2016,118,$9.80 ,The 1975,37.54,"4,446",,"166,868",,,
2016,119,$9.60 ,R. Kelly,79.87,"4,624",,"369,281",,,
2016,120,$9.60 ,Van Morrison,130.11,"7,372",,"959,145",,,
2016,121,$9.60 ,Boston,54.1,"3,549",,"192,000",,,
2016,122,$9.50 ,Gwen Stefani,50.9,"6,666",,"339,286",,,
2016,123,$9.50 ,Tedeschi Trucks Band,53.14,"3,373",,"179,245",,,
2016,124,$9.40 ,Jim Gaffigan,46.21,"4,422",,"204,348",,,
2016,125,$9.30 ,Darius Rucker,30.88,"8,858",,"273,529",,,
2016,126,$9.20 ,Lionel Richie,118.93,"9,658",,"1,148,656",,,
2016,127,$9.20 ,Ron White,53.18,"2,004",,"106,581",,,
2016,128,$9.20 ,Banda MS,50.32,"9,623",,"484,211",,,
2016,129,$9.10 ,Counting Crows / Rob Thomas,39.47,"5,912",,"233,333",,,
2016,130,$9.00 ,Marco Antonio Solis,72.45,"12,422",,"900,000",,,
2016,131,$9.00 ,Louis C.K.,45.95,"4,353",,"200,000",,,
2016,132,$8.90 ,Reba / Brooks & Dunn,129.31,"3,273",,"423,177",,,
2016,133,$8.80 ,G-Eazy / Logic,29.59,"11,379",,"336,745",,,
2016,134,$8.80 ,Florence + The Machine,47.84,"12,195",,"583,406",,,
2016,135,$8.80 ,Rascal Flatts,66.88,"2,483",,"166,038",,,
2016,136,$8.60 ,“Winter Jam” / For King & Country,14.99,"11,942",,"179,059",,,
2016,137,$8.50 ,Mannheim Steamroller,57.94,"1,956",,"113,333",,,
2016,138,$8.50 ,Alejandro Fernández,61.02,"13,930",,"850,000",,,
2016,139,$8.30 ,Chayanne,85.32,"10,809",,"922,154",,,
2016,140,$8.20 ,Hillsong United,32.95,"7,350",,"242,158",,,
2016,141,$8.20 ,“Peppa Pig Live”,37.86,"2,168",,"82,055",,,
2016,142,$8.20 ,Disturbed / Breaking Benjamin,33.56,"10,614",,"356,165",,,
2016,143,$8.20 ,Juan Gabriel,101.65,"6,205",,"630,769",,,
2016,144,$8.10 ,Modest Mouse / Brand New,38.92,"8,672",,"337,500",,,
2016,145,$8.10 ,Steve Miller Band,59.46,"2,433",,"144,643",,,
2016,146,$8.00 ,Brian Wilson,69.4,"2,175",,"150,943",,,
2016,147,$7.90 ,Il Divo,71.39,"2,524",,"180,202",,,
2016,148,$7.90 ,Joe Walsh / Bad Company,45.77,"6,904",,"316,000",,,
2016,149,$7.80 ,Don Henley,80.36,"4,412",,"354,545",,,
2016,150,$7.70 ,Pepe Aguilar,69.12,"3,276",,"226,471",,,
2016,151,$7.50 ,Rob Zombie / Korn,27.22,"10,597",,"288,462",,,
2016,152,$7.50 ,Donny & Marie Osmond,87.63,594,,"52,083",,,
2016,153,$7.40 ,ThePianoGuys,57.16,"2,814",,"160,870",,,
2016,154,$7.30 ,Ringo Starr & His All Starr Band,88.89,"2,566",,"228,125",,,
2016,155,$7.30 ,Ray LaMontagne,47.35,"3,426",,"162,222",,,
2016,156,$7.30 ,Bryan Adams,46.95,"3,455",,"162,222",,,
2016,157,$7.20 ,Sin Bandera,41.85,"9,558",,"400,000",,,
2016,158,$7.20 ,“Dancing With The Stars”,57.84,"2,895",,"167,442",,,
2016,159,$7.10 ,“Weird Al” Yankovic,47.03,"1,887",,"88,750",,,
2016,160,$7.00 ,The Tenderloins,53.34,"3,547",,"189,189",,,
2016,161,$6.90 ,Alejandro Sanz,48.71,"9,444",,"460,000",,,
2016,162,$6.80 ,Kevin Hart,82.29,"6,886",,"566,667",,,
2016,163,$6.70 ,Prince,180.17,"7,437",,"1,340,000",,,
2016,164,$6.70 ,Flight Of The Conchords,45.99,"4,553",,"209,375",,,
2016,165,$6.60 ,Tony Bennett,79.62,"2,072",,"165,000",,,
2016,166,$6.60 ,Frankie Valli And The Four Seasons,71.52,"1,741",,"124,528",,,
2016,167,$6.60 ,Toby Keith,51.7,"4,255",,"220,000",,,
2016,168,$6.50 ,Johnny Reid,49.4,"3,657",,"180,661",,,
2016,169,$6.50 ,Roger Waters,54.4,"59,297",,"3,225,959",,,
2016,170,$6.50 ,Nicky Jam,75.52,"3,443",,"260,000",,,
2016,171,$6.50 ,Kristin Chenoweth,85.02,"1,960",,"166,667",,,
2016,172,$6.40 ,Needtobreathe,35.18,"3,032",,"106,667",,,
2016,173,$6.20 ,John Fogerty,81.15,"4,494",,"364,706",,,
2016,174,$6.20 ,Culture Club,65.33,"1,438",,"93,939",,,
2016,175,$6.10 ,Dan and Phil,57.75,"2,716",,"156,882",,,
2016,176,$6.10 ,OV7 / Kabah,30.47,"8,319",,"253,493",,,
2016,177,$6.10 ,Shawn Mendes,38.96,"5,761",,"224,452",,,
2016,178,$6.10 ,Meghan Trainor,42.11,"6,036",,"254,167",,,
2016,179,$6.10 ,Casting Crowns,33.47,"3,142",,"105,172",,,
2016,180,$6.00 ,Alabama Shakes,45.63,"5,717",,"260,870",,,
2016,181,$5.90 ,Il Volo,61.13,"2,558",,"156,351",,,
2016,182,$5.90 ,“Outcry Tour” / Hillsong Worship,32.08,"6,300",,"202,110",,,
2016,183,$5.90 ,Flume,38.68,"5,448",,"210,714",,,
2016,184,$5.90 ,Diana Ross,78.31,"1,983",,"155,263",,,
2016,185,$5.90 ,Steve Martin / Martin Short,98.28,"3,160",,"310,526",,,
2016,186,$5.80 ,The Moody Blues,72.58,"2,289",,"166,135",,,
2016,187,$5.80 ,“Wild Kratts - Live!”,41.53,"3,675",,"152,632",,,
2016,188,$5.80 ,Hedley,47.16,"4,385",,"206,801",,,
2016,189,$5.80 ,“Hits Deep Tour” / TobyMac,28.13,"7,060",,"198,572",,,
2016,190,$5.70 ,Radiohead,70.47,"27,187",,"1,915,921",,,
2016,191,$5.70 ,Alton Brown,63.16,"1,920",,"121,277",,,
2016,192,$5.60 ,Harry Connick Jr.,81.54,"2,532",,"206,459",,,
2016,193,$5.60 ,John Mellencamp,84.8,"2,130",,"180,645",,,
2016,194,$5.40 ,Temple Of The Dog,87.92,"12,333",,"1,084,356",,,
2016,195,$5.40 ,Maks & Val,60.1,"1,947",,"116,997",,,
2016,196,$5.20 ,Yusuf / Cat Stevens,194.22,"2,999",,"582,369",,,
2016,197,$5.20 ,   Rain - A Tribute To The Beatles ,52.63,"2,411",,"126,879",,,
2016,198,$5.20 ,Barenaked Ladies,39.93,"3,617",,"144,444",,,
2016,199,$5.10 ,Fifth Harmony,40.32,"3,920",,"158,051",,,
2016,200,$5.10 ,Above & Beyond,61.92,"4,576",,"283,333",,,
2015,1,$199.40 ,Taylor Swift,111.54,43600,1787597,4863210,41,62,Messina Touring Group
2015,2,$116.40 ,Kenny Chesney,85.37,24343,1363190,2078212,56,59,Dale Morris & Associates
2015,3,$114.90 ,Garth Brooks,64.47,77488,1782224,4995652,23,120,Bob Doyle & Associates
2015,4,$109.70 ,The Rolling Stones,174.5,44910,628733,7836716,14,14,AEG Live
2015,5,$82.20 ,Kevin Hart,73,10331,1126027,754128,109,137,APA
2015,6,$76.20 ,U2,117.1,65058,650582,7618638,10,36,Live Nation Global Touring
2015,7,$72.30 ,One Direction,79.82,39372,905546,3142728,23,24,Creative Artists Agency
2015,8,$71.50 ,Luke Bryan,55.48,23866,1288752,1324074,54,72,WME
2015,9,$69.90 ,Billy Joel,106.47,36473,656522,3883333,18,29,Artist Group International
2015,10,$69.00 ,Shania Twain,98.13,10818,703148,1061538,65,69,Creative Artists Agency
2015,11,$67.30 ,Fleetwood Mac,125.36,13094,536853,1641463,41,42,Creative Artists Agency
2015,12,$58.00 ,Juan Gabriel,100.71,10284,575911,1035714,56,72,God Is Music SA de CV
2015,13,$53.80 ,AC/DC,90.43,42464,594500,3839923,14,14,Creative Artists Agency
2015,14,$52.20 ,Grateful Dead - “Fare Thee Well”,144.32,180967,361933,26116207,2,5,Peter Shapiro
2015,15,$47.80 ,Trans-Siberian Orchestra,57.19,13709,836258,783969,61,102,WME
2015,16,$45.20 ,Zac Brown Band,52.69,18662,858458,983238,46,52,Creative Artists Agency
2015,17,$44.50 ,Cirque du Soleil - “Kurios”,87.82,16364,507281,1437076,31,274,Cirque du Soleil
2015,18,$44.00 ,Maroon 5,84.22,16853,522441,1419355,31,34,Creative Artists Agency
2015,19,$43.70 ,Madonna,142.5,15333,306666,2185000,20,24,Solo Agency
2015,20,$43.50 ,Elton John,123.26,16805,352912,2071429,21,53,The Howard Rose Agency
2015,21,$42.70 ,Chris Brown,60.45,11773,706368,711667,60,61,ICM Partners
2015,22,$41.10 ,Dave Matthews Band,58.03,17701,708054,1027253,40,48,Paradigm Talent Agency
2015,23,$40.50 ,Def Leppard,52.64,10833,769170,570322,71,71,Artist Group International
2015,24,$40.10 ,Foo Fighters,58.34,21645,692642,1262708,32,37,WME
2015,25,$39.10 ,Ed Sheeran,57.87,15014,675652,868889,45,49,Paradigm Talent Agency
2015,26,$37.80 ,Rush,85.41,13010,442337,1111182,34,35,Ar tist Group International / The Feldman Agency
2015,27,$37.70 ,Neil Diamond,109.84,10101,343439,1109537,34,36,WME
2015,28,$36.60 ,Cirque du Soleil - “Varekai”,60.5,18313,604338,1107976,33,239,Cirque du Soleil
2015,29,$34.50 ,Jason Aldean,48.52,12946,712015,628115,55,58,WME
2015,30,$30.00 ,Eagles,126.42,9888,237304,1250000,24,24,Creative Artists Agency
2015,31,$29.50 ,Florida Georgia Line,41.37,13205,713077,546296,54,54,WME
2015,32,$28.60 ,Ariana Grande,49.41,9989,579354,493588,58,60,Creative Artists Agency
2015,33,$28.20 ,Bette Midler,126.25,9299,223168,1173915,24,26,Creative Artists Agency
2015,34,$28.10 ,Stevie Wonder,92.45,8940,303948,826471,34,34,Creative Artists Agency
2015,35,$26.50 ,Chayanne,87.04,8699,304457,757143,35,44,Chaf Enterprises
2015,36,$26.40 ,Phish,71.53,21701,368921,1552303,17,25,Paradigm Talent Agency
2015,37,$26.10 ,Britney Spears,136.83,3181,190847,435211,1,60,Creative Artists Agency
2015,38,$26.00 ,New Kids On The Block,60.32,10302,432692,621429,42,47,Creative Artists Agency
2015,39,$26.00 ,Mötley Crüe,71.47,6737,363789,481481,54,57,Artist Group International
2015,40,$25.50 ,Van Halen,69.05,10459,376538,722222,36,39,Azoffmusic Management
2015,41,$25.00 ,Imagine Dragons,52.99,9911,475740,525208,48,48,Paradigm Talent Agency
2015,42,$24.30 ,Eric Church,46.77,11136,534530,520833,48,49,WME
2015,43,$23.30 ,The Weeknd,76.39,15905,318104,1215000,20,23,WME
2015,44,$23.20 ,Romeo Santos,77.71,13036,299832,1013043,23,27,Angelo Medina Group
2015,45,$23.00 ,Lady Antebellum,38.96,11466,596245,446737,52,52,Creative Artists Agency
2015,46,$22.60 ,Bob Seger & The Silver Bullet Band,87.34,9753,263338,851852,27,27,ICM Partners
2015,47,$22.00 ,Celine Dion,163.44,4321,138277,706250,1,32,ICM Partners
2015,48,$22.00 ,Brad Paisley,37.67,11231,584019,423077,52,53,WME
2015,49,$21.00 ,Charlie Wilson,71.5,6682,307362,477725,46,47,ICM Partners
2015,50,$20.90 ,5 Seconds Of Summer,45.19,14069,464280,635780,33,35,Creative Artists Agency
2015,51,$20.60 ,Cirque du Soleil - “Corteo”,79.5,17531,262959,1393683,15,128,Cirque du Soleil
2015,52,$20.00 ,Dead & Company,87.86,14655,234476,1287500,16,21,Paradigm Talent Agency
2015,53,$19.90 ,Miranda Lambert,56.42,8244,354484,465116,43,43,WME
2015,54,$19.50 ,Jerry Seinfeld,86.63,3961,229712,343103,58,87,ICM Partners
2015,55,$19.10 ,Maná,83.41,12988,233784,1083333,18,22,Angelo Medina Group
2015,56,$18.70 ,Paul McCartney,161.77,14722,117774,2381556,8,8,MPL Communications
2015,57,$18.70 ,Rascal Flatts,36.32,12558,514867,456098,41,47,WME
2015,58,$18.20 ,Ricardo Arjona,80.69,7476,231751,603226,31,34,Fenix Entertainment Group
2015,59,$17.90 ,Fall Out Boy / Wiz Khalifa,34.52,12873,527812,444389,41,41,Creative Artists Agency
2015,60,$17.70 ,Jimmy Buffett,93.05,7695,192369,716000,25,25,The Howard Rose Agency
2015,61,$17.40 ,J. Cole,34.87,10150,507499,353899,50,50,ICM Partners
2015,62,$17.20 ,Barry Manilow,72.98,8219,238342,599785,29,33,WME
2015,63,$17.00 ,Luis Miguel,77.56,10100,222210,783370,22,34,WME
2015,64,$16.80 ,Sam Smith,59.67,9497,284900,566667,30,32,WME
2015,65,$16.70 ,“Vans Warped Tour”,39.26,10440,428026,409906,41,41,Creative Artists Agency
2015,66,$15.70 ,Andrea Bocelli,202.95,8229,82286,1670000,41,41,Pentagon Music Management
2015,67,$15.60 ,Toby Keith,40.53,13317,386189,539738,29,30,Paradigm
2015,68,$15.50 ,Journey,70.41,7640,221559,537931,29,36,Creative Artists Agency
2015,69,$15.40 ,Jeff Dunham,76.65,5322,202217,407895,38,152,United Talent Agency
2015,70,$15.30 ,Marco Antonio Solis,95.94,4586,160516,440000,35,36,Villalobos Enterprises
2015,71,$15.20 ,Tony Bennett & Lady Gaga,86.8,8813,176267,765000,20,27,Creative Artists Agency
2015,72,$15.20 ,John Mellencamp,90.08,2377,168738,214085,71,80,Creative Artists Agency
2015,73,$15.00 ,Bryan Adams,57.27,5417,265409,310204,49,51,Patriot Artists Agency
2015,74,$14.90 ,Janet Jackson,83.64,6642,179340,555556,27,33,WME
2015,75,$14.80 ,Gabriel Iglesias,60.74,3360,245307,204110,73,93,Creative Artists Agency
2015,76,$14.60 ,Cirque du Soleil - “Amaluna”,85.37,19289,173600,1646707,9,79,Cirque du Soleil
2015,77,$14.50 ,Marc Anthony,100.21,14559,145588,1459005,10,14,Cardenas Marketing Network
2015,78,$14.50 ,Enrique Iglesias / Pitbull,85.88,12988,168840,1115385,13,14,Creative Artists Agency
2015,79,$14.30 ,The Who,96.88,7877,149669,763158,19,19,International Talent Booking
2015,80,$14.00 ,Alejandro Fernández,76.45,6928,187050,529630,27,39,Star Productions
2015,81,$14.00 ,Train,31.86,9553,439422,304348,46,46,Creative Artists Agency
2015,82,$14.00 ,Darius Rucker,31.37,8926,446286,280000,50,50,Creative Artists Agency
2015,83,$13.90 ,Ricky Martin,67.54,6909,207284,466667,30,34,Creative Artists Agency
2015,84,$13.90 ,Willie Nelson,64.16,3051,216645,195775,71,80,Creative Artists Agency
2015,85,$13.80 ,Mumford & Sons,59.48,21245,233691,1263636,11,13,The Billions Corporation
2015,86,$13.80 ,“Dancing With The Stars”,56.98,2633,242190,150000,92,100,ICM Partners
2015,87,$13.60 ,Marc Anthony / Carlos Vives,106.33,9980,129742,1061201,13,14,Cardenas Marketing Network / Ariel Rivas Ent.
2015,88,$13.30 ,Aerosmith,123.79,6866,109863,850000,16,16,Paradigm
2015,89,$13.10 ,"Chicago / Earth, Wind & Fire",47.65,10752,279544,512321,26,26,Creative Artists Agency
2015,90,$13.10 ,Nicki Minaj,45,14532,290631,653854,20,20,Maverick
2015,91,$12.90 ,Theresa Caputo,61.13,3015,211025,184286,70,70,Super Artists
2015,92,$12.80 ,The Tragically Hip,58.61,5079,218392,297674,43,46,United Talent Agency / The Feldman Agency
2015,93,$12.60 ,Blue Man Group,56.25,6595,224225,370959,34,113,Columbia Artists Management
2015,94,$12.60 ,Chris Tomlin,31.13,4997,404754,155556,81,81,Creative Artists Agency
2015,95,$12.50 ,Steely Dan,105.8,4220,118147,446429,28,41,Creative Artists Agency
2015,96,$11.90 ,Mariah Carey,139.16,3425,85634,476659,25,25,United Talent Agency
2015,97,$11.40 ,The Beach Boys,48.48,2556,235148,123913,92,99,ICM Partners
2015,98,$10.40 ,Katt Williams,62.8,5804,179936,364516,31,32,ICM Partners
2015,99,$10.30 ,“Gentlemen of the Road Stopovers”,90.53,28632,114528,2591957,4,8,Madison House
2015,100,$10.10 ,Diana Ross,102.13,3879,100851,396154,26,44,Creative Artists Agency
2015,101,$10.00 ,Merle Haggard,74.81,1776,,135008,,,
2015,102,$10.00 ,Cirque du Soleil - “Kooza”,74.43,8414,,626219,,,
2015,103,$9.90 ,Muse,58.61,15511,,909091,,,
2015,104,$9.80 ,Reba / Brooks & Dunn,132.99,4148,,551682,,,
2015,105,$9.70 ,Diana Krall,75.2,1650,,124051,,,
2015,106,$9.60 ,Kelly Clarkson,53.44,5855,,312903,,,
2015,107,$9.60 ,R. Kelly,86.32,3835,,331034,,,
2015,108,$9.50 ,Nickelback,57.45,6963,,400000,,,
2015,109,$9.50 ,Cirque Du Soleil - “Toruk”,65.5,24189,,1584321,,,
2015,110,$9.40 ,The Avett Brothers,49.33,3703,,182692,,,
2015,111,$9.00 ,James Taylor,74.47,6311,,470000,,,
2015,112,$9.00 ,Jim Gaffigan,51.1,4635,,236842,,,
2015,113,$8.80 ,Joe Bonamassa,106.64,1875,,200000,,,
2015,114,$8.80 ,Incubus / Deftones,36.2,10990,,397838,,,
2015,115,$8.60 ,Jackson Browne,63.68,2303,,146667,,,
2015,116,$8.60 ,Ron White,54.82,1878,,102964,,,
2015,117,$8.40 ,ZZ Top,62.58,2253,,140984,,,
2015,118,$8.40 ,Tedeschi Trucks Band,51.27,2482,,127273,,,
2015,119,$8.30 ,Neil Young / Lukas Nelson & Promise Of The Real,70.78,5934,,420000,,,
2015,120,$8.20 ,Santana,62.1,4773,,296429,,,
2015,121,$8.20 ,The Tenderloins,54.21,2795,,151553,,,
2015,122,$8.10 ,“Weird Al” Yankovic,45.58,2021,,92135,,,
2015,123,$8.00 ,Julion Alvarez,54.95,10548,,579676,,,
2015,124,$7.80 ,Mark Knopfler,83.26,2597,,216216,,,
2015,125,$7.80 ,Barenaked Ladies,44.23,2713,,120000,,,
2015,126,$7.80 ,Bigbang (Korea),123.48,15750,,1944706,,,
2015,127,$7.70 ,Widespread Panic,46.4,5423,,251613,,,
2015,128,$7.60 ,Dierks Bentley,35.02,7853,,275000,,,
2015,129,$7.60 ,Hozier,38.71,2975,,115152,,,
2015,130,$7.50 ,“Winter Jam” / Skillet,11.34,11947,,135513,,,
2015,131,$7.50 ,Alan Jackson,51.01,6393,,326087,,,
2015,132,$7.10 ,Heart,51.25,2695,,138130,,,
2015,133,$7.00 ,Daryl Hall & John Oates,68.03,2746,,186842,,,
2015,134,$7.00 ,Rodney Carrington,47.7,1550,,73911,,,
2015,135,$6.90 ,   Ringo Starr & His All Starr Band ,88.8,2543,,225806,,,
2015,136,$6.90 ,OV7/Kabah,42.14,8234,,346998,,,
2015,137,$6.90 ,Rod Stewart,104.01,9477,,985714,,,
2015,138,$6.90 ,Alabama Shakes,41.87,4120,,172500,,,
2015,139,$6.80 ,Alt-J,42.4,4173,,176923,,,
2015,140,$6.80 ,Sublime With Rome,29.69,4491,,133333,,,
2015,141,$6.70 ,   Florence + The Machine ,61.41,7909,,485714,,,
2015,142,$6.60 ,Donny & Marie Osmond,95.02,573,,54472,,,
2015,143,$6.60 ,Frankie Valli And The Four Seasons,68.02,3468,,235917,,,
2015,144,$6.50 ,Emmanuel / Manuel Mijares,58.86,6576,,387009,,,
2015,145,$6.50 ,Enrique Iglesias,78.8,8249,,650000,,,
2015,146,$6.40 ,Gladys Knight,60.9,2946,,179408,,,
2015,147,$6.30 ,   TobyMac ,26.05,4893,,127483,,,
2015,148,$6.20 ,Little Big Town,40.33,3124,,126000,,,
2015,149,$6.20 ,Daddy Yankee,61.83,16760,,1036300,,,
2015,150,$6.10 ,Boston,55.14,3039,,167568,,,
2015,151,$6.00 ,Eric Clapton,205.62,14825,,3048310,,,
2015,152,$6.00 ,Bob Dylan,84.53,2448,,206897,,,
2015,153,$6.00 ,Shinedown/Breaking Benjamin,41.77,5738,,239670,,,
2015,154,$6.00 ,Scorpions,63.13,5851,,369391,,,
2015,155,$6.00 ,Idina Menzel,72.93,2057,,150000,,,
2015,156,$6.00 ,Lana Del Rey,50.44,7435,,375000,,,
2015,157,$5.90 ,“Life In Color”,48.44,2212,,107143,,,
2015,158,$5.90 ,Barry Humphries “Dame Edna”,66.19,14877,,984738,,,
2015,159,$5.90 ,Bill O’Reilly / Dennis Miller,120.41,3500,,421429,,,
2015,160,$5.80 ,Zedd,41.82,4275,,178788,,,
2015,161,$5.80 ,Miguel Bosé,56.14,4492,,252174,,,
2015,162,$5.70 ,Counting Crows,51.12,2182,,111538,,,
2015,163,$5.60 ,Harry Connick Jr.,84.11,2262,,190275,,,
2015,164,$5.60 ,My Morning Jacket,43.54,3213,,139899,,,
2015,165,$5.60 ,Rob Thomas,68.03,1524,,103704,,,
2015,166,$5.50 ,Death Cab For Cutie,42.05,3415,,143590,,,
2015,167,$5.40 ,Keith Sweat,59.99,2778,,166667,,,
2015,168,$5.40 ,Drake,90.22,9976,,900000,,,
2015,169,$5.30 ,Steve Miller Band,53.32,2155,,114894,,,
2015,170,$5.30 ,Celtic Woman,60.55,2098,,127005,,,
2015,171,$5.30 ,The Decemberists,39.01,2949,,115041,,,
2015,172,$5.20 ,Amy Schumer,67.09,3591,,240909,,,
2015,173,$5.10 ,Rain - A Tribute To The Beatles,52.07,2226,,115893,,,
2015,174,$5.10 ,Sufjan Stevens,39.67,2472,,98077,,,
2015,175,$5.00 ,Above & Beyond,42.25,3449,,145714,,,
2015,176,$5.00 ,“Mythbusters”,53.57,1951,,104509,,,
2015,177,$5.00 ,Doobie Brothers,47.61,2442,,116279,,,
2015,178,$5.00 ,Brit Floyd,41.67,1276,,53191,,,
2015,179,$5.00 ,Gloria Trevi,41.86,5193,,217391,,,
2015,180,$4.90 ,Casting Crowns,30.32,2660,,80645,,,
2015,181,$4.90 ,“Move Live On Tour”,56.13,3511,,197077,,,
2015,182,$4.80 ,Straight No Chaser,43.95,1487,,65333,,,
2015,183,$4.80 ,Lyle Lovett,57.88,1152,,66667,,,
2015,184,$4.80 ,Slipknot,35.72,3125,,111628,,,
2015,185,$4.70 ,Orquesta Buena Vista Social Club,47.91,2973,,142424,,,
2015,186,$4.70 ,Five Finger Death Punch / Papa Roach,39.42,4586,,180769,,,
2015,187,$4.70 ,Brandi Carlile,40.59,1868,,75806,,,
2015,188,$4.60 ,Jill Scott,72.65,1848,,134286,,,
2015,189,$4.60 ,A.R. Rahman,86.94,4070,,353846,,,
2015,190,$4.60 ,Of Monsters And Men,38.31,3532,,135294,,,
2015,191,$4.60 ,Bill Maher ,66.2,1511,,100000,,,
2015,192,$4.60 ,Bill Burr,43.08,3051,,131429,,,
2015,193,$4.50 ,Twenty One Pilots ,38,3404,,129338,,,
2015,194,$4.50 ,David Gray / Amos Lee,51.05,4198,,214286,,,
2015,195,$4.50 ,Slightly Stoopid,30.94,3030,,93750,,,
2015,196,$4.50 ,Pepe Aguilar,58.98,3317,,195652,,,
2015,197,$4.40 ,    Justin Timberlake ,178.9,12400,,2218227,,,
2015,198,$4.40 ,“Outcry Tour” / Hillsong United,33.33,10911,,363620,,,
2015,199,$4.40 ,Billy Idol,55.59,2062,,114638,,,
2015,200,$4.40 ,Duran Duran,77.04,6346,,488889,,,
